perturbation_family	expected_direction	scorer	sample_id	replicate	axis_id	steps	expected_steps	fully_monotonic	first_value	last_value
spike_strength	nondecreasing	commot	GSM7780153	1	axis_1	2	2	1	385.2953812270581	538.484379879545
spike_strength	nondecreasing	commot	GSM7780153	1	axis_2	2	2	1	4.500000000000007	18.000000000000046
spike_strength	nondecreasing	commot	GSM7780153	1	axis_3	2	2	1	6.48661201293158	22.824702036369963
spike_strength	nondecreasing	commot	GSM7780153	1	axis_4	2	2	1	4909.331593030844	5585.514862986998
spike_strength	nondecreasing	commot	GSM7780153	2	axis_1	2	2	1	382.2454847879152	525.7470274900227
spike_strength	nondecreasing	commot	GSM7780153	2	axis_2	2	2	1	2.448918012164825	9.828290055108456
spike_strength	nondecreasing	commot	GSM7780153	2	axis_3	2	2	1	8.544225523678355	35.217971563843776
spike_strength	nondecreasing	commot	GSM7780153	2	axis_4	2	2	1	4909.928537550015	5586.988939679437
spike_strength	nondecreasing	commot	GSM7780153	3	axis_1	2	2	1	376.4651603500599	509.09015056286194
spike_strength	nondecreasing	commot	GSM7780153	3	axis_2	2	2	1	6.696717925152629	34.095606245100164
spike_strength	nondecreasing	commot	GSM7780153	3	axis_3	2	2	1	7.194387010959668	21.58272508537842
spike_strength	nondecreasing	commot	GSM7780153	3	axis_4	2	2	1	4909.490666977567	5586.53795709248
spike_strength	nondecreasing	commot	GSM7780153	4	axis_1	2	2	1	353.8606157591516	402.033272238544
spike_strength	nondecreasing	commot	GSM7780153	4	axis_2	2	2	1	5.217171877940792	20.410830315666907
spike_strength	nondecreasing	commot	GSM7780153	4	axis_3	2	2	1	9.021450328437616	29.522552161657508
spike_strength	nondecreasing	commot	GSM7780153	4	axis_4	2	2	1	4910.008837521624	5587.464894434008
spike_strength	nondecreasing	commot	GSM7780153	5	axis_1	2	2	1	382.4740392165632	521.9170997671366
spike_strength	nondecreasing	commot	GSM7780153	5	axis_2	2	2	1	2.397296733320921	9.79459346664185
spike_strength	nondecreasing	commot	GSM7780153	5	axis_3	2	2	1	7.10990897481001	24.13830941671977
spike_strength	nondecreasing	commot	GSM7780153	5	axis_4	2	2	1	4910.00413919005	5587.225633030794
spike_strength	nondecreasing	commot	GSM7780154	1	axis_1	2	2	1	385.9491772572274	508.88058892662
spike_strength	nondecreasing	commot	GSM7780154	1	axis_2	2	2	1	8.122042953037935	44.63696583873266
spike_strength	nondecreasing	commot	GSM7780154	1	axis_3	2	2	1	10.15782679695325	44.94368716473464
spike_strength	nondecreasing	commot	GSM7780154	1	axis_4	2	2	1	4758.294094163635	5418.5142776981365
spike_strength	nondecreasing	commot	GSM7780154	2	axis_1	2	2	1	393.0659263758612	536.0399642439362
spike_strength	nondecreasing	commot	GSM7780154	2	axis_2	2	2	1	6.663080681404468	26.48878257106096
spike_strength	nondecreasing	commot	GSM7780154	2	axis_3	2	2	1	13.507637143800284	55.50610725765005
spike_strength	nondecreasing	commot	GSM7780154	2	axis_4	2	2	1	4757.156824172408	5415.749745476544
spike_strength	nondecreasing	commot	GSM7780154	3	axis_1	2	2	1	374.8828726932054	478.749387112044
spike_strength	nondecreasing	commot	GSM7780154	3	axis_2	2	2	1	2.454045129827016	13.51827054829323
spike_strength	nondecreasing	commot	GSM7780154	3	axis_3	2	2	1	10.246720185021545	45.040643730433466
spike_strength	nondecreasing	commot	GSM7780154	3	axis_4	2	2	1	4756.449742727979	5413.819351682778
spike_strength	nondecreasing	commot	GSM7780154	4	axis_1	2	2	1	386.8678681237399	502.2384061155856
spike_strength	nondecreasing	commot	GSM7780154	4	axis_2	2	2	1	3.3977358536672435	14.85410506869913
spike_strength	nondecreasing	commot	GSM7780154	4	axis_3	2	2	1	12.776066452342944	50.30169607675913
spike_strength	nondecreasing	commot	GSM7780154	4	axis_4	2	2	1	4757.634602150704	5417.344210745668
spike_strength	nondecreasing	commot	GSM7780154	5	axis_1	2	2	1	388.702620036148	522.0994296528056
spike_strength	nondecreasing	commot	GSM7780154	5	axis_2	2	2	1	3.956364031486625	17.999599102817964
spike_strength	nondecreasing	commot	GSM7780154	5	axis_3	2	2	1	10.729390260644708	36.12781010724349
spike_strength	nondecreasing	commot	GSM7780154	5	axis_4	2	2	1	4757.207023307999	5415.78492253916
spike_strength	nondecreasing	commot	GSM7780155	1	axis_1	2	2	1	145.81694992256837	189.8057163420455
spike_strength	nondecreasing	commot	GSM7780155	1	axis_2	2	2	1	14.035788929289993	54.629562889007126
spike_strength	nondecreasing	commot	GSM7780155	1	axis_3	2	2	1	10.883996251200646	35.9421433208788
spike_strength	nondecreasing	commot	GSM7780155	1	axis_4	2	2	1	2288.3986993326007	2672.1340198740163
spike_strength	nondecreasing	commot	GSM7780155	2	axis_1	2	2	1	139.72267338539837	183.337817784398
spike_strength	nondecreasing	commot	GSM7780155	2	axis_2	2	2	1	7.929505182998962	31.53877422696548
spike_strength	nondecreasing	commot	GSM7780155	2	axis_3	2	2	1	14.636464068895217	53.0679374736995
spike_strength	nondecreasing	commot	GSM7780155	2	axis_4	2	2	1	2289.176173606073	2673.257064148207
spike_strength	nondecreasing	commot	GSM7780155	3	axis_1	2	2	1	143.3457626258681	210.4465894945129
spike_strength	nondecreasing	commot	GSM7780155	3	axis_2	2	2	1	7.576528398088363	30.669816394781733
spike_strength	nondecreasing	commot	GSM7780155	3	axis_3	2	2	1	8.055137581636902	18.006871604430824
spike_strength	nondecreasing	commot	GSM7780155	3	axis_4	2	2	1	2289.5948087239485	2674.3789081758564
spike_strength	nondecreasing	commot	GSM7780155	4	axis_1	2	2	1	136.84825272152096	175.90453662854316
spike_strength	nondecreasing	commot	GSM7780155	4	axis_2	2	2	1	9.636717729649735	37.41434632483952
spike_strength	nondecreasing	commot	GSM7780155	4	axis_3	2	2	1	12.206154480888742	42.057431958709536
spike_strength	nondecreasing	commot	GSM7780155	4	axis_4	2	2	1	2288.6257342827007	2672.395289310639
spike_strength	nondecreasing	commot	GSM7780155	5	axis_1	2	2	1	142.57441196194992	195.312218915328
spike_strength	nondecreasing	commot	GSM7780155	5	axis_2	2	2	1	7.563176088304137	32.2578350621908
spike_strength	nondecreasing	commot	GSM7780155	5	axis_3	2	2	1	12.295738408861066	48.22602287845496
spike_strength	nondecreasing	commot	GSM7780155	5	axis_4	2	2	1	2288.963584163552	2672.8070244905
spike_strength	nondecreasing	liana	GSM7780153	1	axis_1	2	2	1	4.434230439476931	4.488397184756521
spike_strength	nondecreasing	liana	GSM7780153	1	axis_2	2	2	1	0.3202823499875956	0.4216088956309939
spike_strength	nondecreasing	liana	GSM7780153	2	axis_1	2	2	1	4.437433610506191	4.491905658627587
spike_strength	nondecreasing	liana	GSM7780153	2	axis_2	2	2	1	0.3211916452439812	0.4221721758783124
spike_strength	nondecreasing	liana	GSM7780153	3	axis_1	2	2	1	4.400815796084218	4.446295112333011
spike_strength	nondecreasing	liana	GSM7780153	3	axis_2	2	2	1	0.327640218052005	0.4293741388505263
spike_strength	nondecreasing	liana	GSM7780153	4	axis_1	2	2	1	4.392353002014143	4.428207752316963
spike_strength	nondecreasing	liana	GSM7780153	4	axis_2	2	2	1	0.3215302934087674	0.4228636618833304
spike_strength	nondecreasing	liana	GSM7780153	5	axis_1	2	2	1	4.43430107211922	4.488891999223266
spike_strength	nondecreasing	liana	GSM7780153	5	axis_2	2	2	1	0.3327142057188663	0.4324808164189965
spike_strength	nondecreasing	liana	GSM7780154	1	axis_1	2	2	1	3.8273828494305424	3.868780026017055
spike_strength	nondecreasing	liana	GSM7780154	1	axis_2	2	2	1	0.3539734334395791	0.4620095897446493
spike_strength	nondecreasing	liana	GSM7780154	2	axis_1	2	2	1	3.848111456260917	3.8933493916987767
spike_strength	nondecreasing	liana	GSM7780154	2	axis_2	2	2	1	0.344774822592159	0.452593053368819
spike_strength	nondecreasing	liana	GSM7780154	3	axis_1	2	2	1	3.811476898117268	3.848657277188527
spike_strength	nondecreasing	liana	GSM7780154	3	axis_2	2	2	1	0.3408618637497461	0.4483569167396718
spike_strength	nondecreasing	liana	GSM7780154	4	axis_1	2	2	1	3.820814922620962	3.861117875112503
spike_strength	nondecreasing	liana	GSM7780154	4	axis_2	2	2	1	0.3314887378675563	0.4385664680783944
spike_strength	nondecreasing	liana	GSM7780154	5	axis_1	2	2	1	3.8153276631476536	3.853549653178935
spike_strength	nondecreasing	liana	GSM7780154	5	axis_2	2	2	1	0.3418105406716633	0.4485833303534307
spike_strength	nondecreasing	liana	GSM7780155	1	axis_1	2	2	1	3.789629642531387	3.85739725473255
spike_strength	nondecreasing	liana	GSM7780155	1	axis_2	2	2	1	0.4628254335569123	0.5715080088519829
spike_strength	nondecreasing	liana	GSM7780155	2	axis_1	2	2	1	3.621451189084404	3.683313410222593
spike_strength	nondecreasing	liana	GSM7780155	2	axis_2	2	2	1	0.4650023489638692	0.576347262462071
spike_strength	nondecreasing	liana	GSM7780155	3	axis_1	2	2	1	3.647806690290589	3.716631017652784
spike_strength	nondecreasing	liana	GSM7780155	3	axis_2	2	2	1	0.4398496005465655	0.5512181176838158
spike_strength	nondecreasing	liana	GSM7780155	4	axis_1	2	2	1	3.6211427896545376	3.6861705760862713
spike_strength	nondecreasing	liana	GSM7780155	4	axis_2	2	2	1	0.445682288177769	0.5567609627796063
spike_strength	nondecreasing	liana	GSM7780155	5	axis_1	2	2	1	3.645571557788988	3.712712120229992
spike_strength	nondecreasing	liana	GSM7780155	5	axis_2	2	2	1	0.4332257595428668	0.5423658393513661
spike_strength	nondecreasing	cellchat	GSM7780153	1	axis_1	2	2	1	0.446197245282975	0.451707196183889
spike_strength	nondecreasing	cellchat	GSM7780153	1	axis_2	2	2	1	4.5258751698167e-05	8.22584705633786e-05
spike_strength	nondecreasing	cellchat	GSM7780153	1	axis_3	2	2	1	0.0140744801510954	0.0181890481417474
spike_strength	nondecreasing	cellchat	GSM7780153	1	axis_4	2	2	1	0.448534693431479	0.452469296710876
spike_strength	nondecreasing	cellchat	GSM7780153	2	axis_1	2	2	1	0.446288356096685	0.451592073040259
spike_strength	nondecreasing	cellchat	GSM7780153	2	axis_2	2	2	1	4.66432721119168e-05	8.43388059808494e-05
spike_strength	nondecreasing	cellchat	GSM7780153	2	axis_3	2	2	1	0.0131481555112148	0.0176100990524125
spike_strength	nondecreasing	cellchat	GSM7780153	2	axis_4	2	2	1	0.448372960042866	0.451824308743217
spike_strength	nondecreasing	cellchat	GSM7780153	3	axis_1	2	2	1	0.444439112105782	0.448643278218339
spike_strength	nondecreasing	cellchat	GSM7780153	3	axis_2	2	2	1	5.57866793062192e-05	9.6084873595767e-05
spike_strength	nondecreasing	cellchat	GSM7780153	3	axis_3	2	2	1	0.0096144159037188	0.0125459947772276
spike_strength	nondecreasing	cellchat	GSM7780153	3	axis_4	2	2	1	0.448924679318238	0.453090846515737
spike_strength	nondecreasing	cellchat	GSM7780153	4	axis_1	2	2	1	0.443069229018326	0.446346137805109
spike_strength	nondecreasing	cellchat	GSM7780153	4	axis_2	2	2	1	4.52570842474471e-05	8.24835503998065e-05
spike_strength	nondecreasing	cellchat	GSM7780153	4	axis_3	2	2	1	0.0097747111465922	0.0128258853782095
spike_strength	nondecreasing	cellchat	GSM7780153	4	axis_4	2	2	1	0.448535013918165	0.452649619327358
spike_strength	nondecreasing	cellchat	GSM7780153	5	axis_1	2	2	1	0.446181894948097	0.451690180179269
spike_strength	nondecreasing	cellchat	GSM7780153	5	axis_2	2	2	1	4.31030559457199e-05	8.02846005309423e-05
spike_strength	nondecreasing	cellchat	GSM7780153	5	axis_3	2	2	1	0.0148127251787369	0.0186938040692158
spike_strength	nondecreasing	cellchat	GSM7780153	5	axis_4	2	2	1	0.448098809146734	0.452195745857665
spike_strength	nondecreasing	cellchat	GSM7780154	1	axis_1	2	1	0	0.504254097547484	0.505993486456852
spike_strength	nondecreasing	cellchat	GSM7780154	1	axis_2	2	2	1	0.0	0.0001155348299766
spike_strength	nondecreasing	cellchat	GSM7780154	1	axis_3	2	2	1	0.022503431681056	0.0273402221295055
spike_strength	nondecreasing	cellchat	GSM7780154	1	axis_4	2	1	0	0.494489688827712	0.496552066946082
spike_strength	nondecreasing	cellchat	GSM7780154	2	axis_1	2	2	1	0.505245306826689	0.511012507072057
spike_strength	nondecreasing	cellchat	GSM7780154	2	axis_2	2	2	1	0.0	9.57885610768828e-05
spike_strength	nondecreasing	cellchat	GSM7780154	2	axis_3	2	2	1	0.0204924570543024	0.0255561129344067
spike_strength	nondecreasing	cellchat	GSM7780154	2	axis_4	2	2	1	0.495029526237488	0.499448474036022
spike_strength	nondecreasing	cellchat	GSM7780154	3	axis_1	2	1	0	0.503582528260871	0.50499092695431
spike_strength	nondecreasing	cellchat	GSM7780154	3	axis_2	2	2	1	0.0	9.38116371181859e-05
spike_strength	nondecreasing	cellchat	GSM7780154	3	axis_3	2	2	1	0.0176954636261171	0.0213450042292648
spike_strength	nondecreasing	cellchat	GSM7780154	3	axis_4	2	1	0	0.493054671456114	0.493133248718684
spike_strength	nondecreasing	cellchat	GSM7780154	4	axis_1	2	2	1	0.504035174048735	0.509015709474844
spike_strength	nondecreasing	cellchat	GSM7780154	4	axis_2	2	2	1	0.0	7.59767698931078e-05
spike_strength	nondecreasing	cellchat	GSM7780154	4	axis_3	2	2	1	0.0218983573602595	0.027233941644949
spike_strength	nondecreasing	cellchat	GSM7780154	4	axis_4	2	2	1	0.494522347959292	0.498562140739932
spike_strength	nondecreasing	cellchat	GSM7780154	5	axis_1	2	2	1	0.503787883387274	0.508546511397964
spike_strength	nondecreasing	cellchat	GSM7780154	5	axis_2	2	2	1	0.0	7.61345821177803e-05
spike_strength	nondecreasing	cellchat	GSM7780154	5	axis_3	2	2	1	0.0229337850995677	0.0283226822358605
spike_strength	nondecreasing	cellchat	GSM7780154	5	axis_4	2	2	1	0.494826050254789	0.49930535830729
spike_strength	nondecreasing	cellchat	GSM7780155	1	axis_1	2	2	1	0.296550961469511	0.301468863603636
spike_strength	nondecreasing	cellchat	GSM7780155	1	axis_2	2	2	1	9.16695232532849e-05	0.0001579844559226
spike_strength	nondecreasing	cellchat	GSM7780155	1	axis_3	2	2	1	0.0291195481308174	0.034111121521761
spike_strength	nondecreasing	cellchat	GSM7780155	1	axis_4	2	2	1	0.36208122345526	0.368024982213504
spike_strength	nondecreasing	cellchat	GSM7780155	2	axis_1	2	2	1	0.276544570112458	0.284117224489238
spike_strength	nondecreasing	cellchat	GSM7780155	2	axis_2	2	2	1	0.0001644527291689	0.0002627408138737
spike_strength	nondecreasing	cellchat	GSM7780155	2	axis_3	2	2	1	0.0303279813064094	0.0349428782287931
spike_strength	nondecreasing	cellchat	GSM7780155	2	axis_4	2	2	1	0.360123709578244	0.366366138940539
spike_strength	nondecreasing	cellchat	GSM7780155	3	axis_1	2	2	1	0.278920740694901	0.286748038476728
spike_strength	nondecreasing	cellchat	GSM7780155	3	axis_2	2	2	1	0.0001078548207537	0.0001982795871972
spike_strength	nondecreasing	cellchat	GSM7780155	3	axis_3	2	2	1	0.0277634082709551	0.0333267195387105
spike_strength	nondecreasing	cellchat	GSM7780155	3	axis_4	2	2	1	0.365729773030074	0.371350830521108
spike_strength	nondecreasing	cellchat	GSM7780155	4	axis_1	2	2	1	0.276705370496982	0.284871286180489
spike_strength	nondecreasing	cellchat	GSM7780155	4	axis_2	2	2	1	0.0001192152109993	0.0002093685809622
spike_strength	nondecreasing	cellchat	GSM7780155	4	axis_3	2	2	1	0.0281806418548242	0.0329280773809411
spike_strength	nondecreasing	cellchat	GSM7780155	4	axis_4	2	2	1	0.362656845129757	0.369299725793051
spike_strength	nondecreasing	cellchat	GSM7780155	5	axis_1	2	2	1	0.278488567770225	0.286354352875972
spike_strength	nondecreasing	cellchat	GSM7780155	5	axis_2	2	2	1	0.0001079984263838	0.0002003984470633
spike_strength	nondecreasing	cellchat	GSM7780155	5	axis_3	2	2	1	0.0260058772674516	0.030107500909501
spike_strength	nondecreasing	cellchat	GSM7780155	5	axis_4	2	2	1	0.36102416474195	0.367348816890061
spike_strength	nondecreasing	spatiallr_trust	GSM7780153	1	axis_1	2	1	0	0.8333333333333333	0.7999999999999999
spike_strength	nondecreasing	spatiallr_trust	GSM7780153	1	axis_2	2	1	0	0.9333333333333332	0.9999999999999999
spike_strength	nondecreasing	spatiallr_trust	GSM7780153	1	axis_3	2	2	1	0.5333333333333333	0.5333333333333333
spike_strength	nondecreasing	spatiallr_trust	GSM7780153	1	axis_4	2	1	0	0.6	0.5333333333333333
spike_strength	nondecreasing	spatiallr_trust	GSM7780153	2	axis_1	2	1	0	0.8333333333333333	0.7666666666666666
spike_strength	nondecreasing	spatiallr_trust	GSM7780153	2	axis_2	2	1	0	0.9333333333333332	0.9999999999999999
spike_strength	nondecreasing	spatiallr_trust	GSM7780153	2	axis_3	2	2	1	0.5333333333333333	0.7333333333333333
spike_strength	nondecreasing	spatiallr_trust	GSM7780153	2	axis_4	2	1	0	0.6	0.5333333333333333
spike_strength	nondecreasing	spatiallr_trust	GSM7780153	3	axis_1	2	1	0	0.8333333333333333	0.7999999999999999
spike_strength	nondecreasing	spatiallr_trust	GSM7780153	3	axis_2	2	1	0	0.9333333333333332	0.9999999999999999
spike_strength	nondecreasing	spatiallr_trust	GSM7780153	3	axis_3	2	2	1	0.3333333333333333	0.5333333333333333
spike_strength	nondecreasing	spatiallr_trust	GSM7780153	3	axis_4	2	1	0	0.6	0.5333333333333333
spike_strength	nondecreasing	spatiallr_trust	GSM7780153	4	axis_1	2	1	0	0.7999999999999999	0.5666666666666667
spike_strength	nondecreasing	spatiallr_trust	GSM7780153	4	axis_2	2	1	0	0.8999999999999999	0.9999999999999999
spike_strength	nondecreasing	spatiallr_trust	GSM7780153	4	axis_3	2	2	1	0.5333333333333333	0.5333333333333333
spike_strength	nondecreasing	spatiallr_trust	GSM7780153	4	axis_4	2	1	0	0.5666666666666667	0.5333333333333333
spike_strength	nondecreasing	spatiallr_trust	GSM7780153	5	axis_1	2	1	0	0.8333333333333333	0.7999999999999999
spike_strength	nondecreasing	spatiallr_trust	GSM7780153	5	axis_2	2	1	0	0.9333333333333332	0.9999999999999999
spike_strength	nondecreasing	spatiallr_trust	GSM7780153	5	axis_3	2	2	1	0.36666666666666664	0.5333333333333333
spike_strength	nondecreasing	spatiallr_trust	GSM7780153	5	axis_4	2	1	0	0.6	0.5333333333333333
spike_strength	nondecreasing	spatiallr_trust	GSM7780154	1	axis_1	2	1	0	0.6333333333333333	0.6
spike_strength	nondecreasing	spatiallr_trust	GSM7780154	1	axis_2	2	2	1	0.8666666666666666	0.9999999999999999
spike_strength	nondecreasing	spatiallr_trust	GSM7780154	1	axis_3	2	2	1	0.5333333333333333	0.7333333333333333
spike_strength	nondecreasing	spatiallr_trust	GSM7780154	1	axis_4	2	1	0	0.7999999999999999	0.5333333333333333
spike_strength	nondecreasing	spatiallr_trust	GSM7780154	2	axis_1	2	1	0	0.6333333333333333	0.5666666666666667
spike_strength	nondecreasing	spatiallr_trust	GSM7780154	2	axis_2	2	2	1	0.8333333333333333	0.9999999999999999
spike_strength	nondecreasing	spatiallr_trust	GSM7780154	2	axis_3	2	2	1	0.5333333333333333	0.7333333333333333
spike_strength	nondecreasing	spatiallr_trust	GSM7780154	2	axis_4	2	1	0	0.7666666666666666	0.7333333333333333
spike_strength	nondecreasing	spatiallr_trust	GSM7780154	3	axis_1	2	1	0	0.6333333333333333	0.5666666666666667
spike_strength	nondecreasing	spatiallr_trust	GSM7780154	3	axis_2	2	2	1	0.6666666666666666	0.9999999999999999
spike_strength	nondecreasing	spatiallr_trust	GSM7780154	3	axis_3	2	2	1	0.5333333333333333	0.7333333333333333
spike_strength	nondecreasing	spatiallr_trust	GSM7780154	3	axis_4	2	1	0	0.7999999999999999	0.7333333333333333
spike_strength	nondecreasing	spatiallr_trust	GSM7780154	4	axis_1	2	1	0	0.6333333333333333	0.4
spike_strength	nondecreasing	spatiallr_trust	GSM7780154	4	axis_2	2	2	1	0.6666666666666666	0.9999999999999999
spike_strength	nondecreasing	spatiallr_trust	GSM7780154	4	axis_3	2	2	1	0.5333333333333333	0.5333333333333333
spike_strength	nondecreasing	spatiallr_trust	GSM7780154	4	axis_4	2	1	0	0.7999999999999999	0.7333333333333333
spike_strength	nondecreasing	spatiallr_trust	GSM7780154	5	axis_1	2	1	0	0.6333333333333333	0.5666666666666667
spike_strength	nondecreasing	spatiallr_trust	GSM7780154	5	axis_2	2	2	1	0.8666666666666666	0.9999999999999999
spike_strength	nondecreasing	spatiallr_trust	GSM7780154	5	axis_3	2	2	1	0.5333333333333333	0.5333333333333333
spike_strength	nondecreasing	spatiallr_trust	GSM7780154	5	axis_4	2	1	0	0.7999999999999999	0.7333333333333333
spike_strength	nondecreasing	spatiallr_trust	GSM7780155	1	axis_1	2	1	0	0.4666666666666667	0.4
spike_strength	nondecreasing	spatiallr_trust	GSM7780155	1	axis_2	2	1	0	0.8999999999999999	0.9666666666666666
spike_strength	nondecreasing	spatiallr_trust	GSM7780155	1	axis_3	2	2	1	0.3333333333333333	0.3333333333333333
spike_strength	nondecreasing	spatiallr_trust	GSM7780155	1	axis_4	2	1	0	0.39999999999999997	0.5
spike_strength	nondecreasing	spatiallr_trust	GSM7780155	2	axis_1	2	1	0	0.4666666666666667	0.4
spike_strength	nondecreasing	spatiallr_trust	GSM7780155	2	axis_2	2	1	0	0.9333333333333332	0.9666666666666666
spike_strength	nondecreasing	spatiallr_trust	GSM7780155	2	axis_3	2	1	0	0.7333333333333333	0.7
spike_strength	nondecreasing	spatiallr_trust	GSM7780155	2	axis_4	2	1	0	0.39999999999999997	0.3333333333333333
spike_strength	nondecreasing	spatiallr_trust	GSM7780155	3	axis_1	2	1	0	0.4666666666666667	0.4
spike_strength	nondecreasing	spatiallr_trust	GSM7780155	3	axis_2	2	1	0	0.8999999999999999	0.9999999999999999
spike_strength	nondecreasing	spatiallr_trust	GSM7780155	3	axis_3	2	2	1	0.3333333333333333	0.3333333333333333
spike_strength	nondecreasing	spatiallr_trust	GSM7780155	3	axis_4	2	1	0	0.39999999999999997	0.3333333333333333
spike_strength	nondecreasing	spatiallr_trust	GSM7780155	4	axis_1	2	1	0	0.4666666666666667	0.4
spike_strength	nondecreasing	spatiallr_trust	GSM7780155	4	axis_2	2	1	0	0.8999999999999999	0.9666666666666666
spike_strength	nondecreasing	spatiallr_trust	GSM7780155	4	axis_3	2	2	1	0.3333333333333333	0.5
spike_strength	nondecreasing	spatiallr_trust	GSM7780155	4	axis_4	2	1	0	0.39999999999999997	0.3333333333333333
spike_strength	nondecreasing	spatiallr_trust	GSM7780155	5	axis_1	2	1	0	0.4666666666666667	0.4
spike_strength	nondecreasing	spatiallr_trust	GSM7780155	5	axis_2	2	1	0	0.8999999999999999	0.9666666666666666
spike_strength	nondecreasing	spatiallr_trust	GSM7780155	5	axis_3	2	2	1	0.3333333333333333	0.3333333333333333
spike_strength	nondecreasing	spatiallr_trust	GSM7780155	5	axis_4	2	0	0	0.5666666666666667	0.3333333333333333
coordinate_corruption	nonincreasing	commot	GSM7780153	1	axis_1	4	0	0	337.215159201763	821.0447968193309
coordinate_corruption	nonincreasing	commot	GSM7780153	1	axis_2	4	1	0	0.0	8.226695489608552
coordinate_corruption	nonincreasing	commot	GSM7780153	1	axis_3	4	1	0	3.63938689742845	32.950024119660604
coordinate_corruption	nonincreasing	commot	GSM7780153	1	axis_4	4	2	0	4684.654368189002	5096.220055958854
coordinate_corruption	nonincreasing	commot	GSM7780153	2	axis_1	4	0	0	337.215159201763	667.7611248953262
coordinate_corruption	nonincreasing	commot	GSM7780153	2	axis_2	4	1	0	0.0	6.633625622851534
coordinate_corruption	nonincreasing	commot	GSM7780153	2	axis_3	4	2	0	3.63938689742845	25.41603857013389
coordinate_corruption	nonincreasing	commot	GSM7780153	2	axis_4	4	1	0	4684.654368189002	5103.407616892675
coordinate_corruption	nonincreasing	commot	GSM7780153	3	axis_1	4	0	0	337.215159201763	736.6278218486673
coordinate_corruption	nonincreasing	commot	GSM7780153	3	axis_2	4	3	0	0.0	6.603251698696826
coordinate_corruption	nonincreasing	commot	GSM7780153	3	axis_3	4	1	0	3.63938689742845	24.73674114978599
coordinate_corruption	nonincreasing	commot	GSM7780153	3	axis_4	4	3	0	4684.654368189002	5101.457332751209
coordinate_corruption	nonincreasing	commot	GSM7780153	4	axis_1	4	0	0	337.215159201763	710.8367258082384
coordinate_corruption	nonincreasing	commot	GSM7780153	4	axis_2	4	2	0	0.0	5.091822288363863
coordinate_corruption	nonincreasing	commot	GSM7780153	4	axis_3	4	1	0	3.63938689742845	25.76412382572965
coordinate_corruption	nonincreasing	commot	GSM7780153	4	axis_4	4	3	0	4684.654368189002	5111.8029670455535
coordinate_corruption	nonincreasing	commot	GSM7780153	5	axis_1	4	0	0	337.215159201763	713.4640670696386
coordinate_corruption	nonincreasing	commot	GSM7780153	5	axis_2	4	2	0	0.0	4.5252464812956745
coordinate_corruption	nonincreasing	commot	GSM7780153	5	axis_3	4	0	0	3.63938689742845	21.046231497432128
coordinate_corruption	nonincreasing	commot	GSM7780153	5	axis_4	4	3	0	4684.654368189002	5106.6989806856345
coordinate_corruption	nonincreasing	commot	GSM7780154	1	axis_1	4	0	0	347.6374131392843	898.064262706497
coordinate_corruption	nonincreasing	commot	GSM7780154	1	axis_2	4	3	0	0.0	7.581140324772082
coordinate_corruption	nonincreasing	commot	GSM7780154	1	axis_3	4	0	0	4.335243695542582	42.5206810381838
coordinate_corruption	nonincreasing	commot	GSM7780154	1	axis_4	4	3	0	4538.778105988961	4926.492852893851
coordinate_corruption	nonincreasing	commot	GSM7780154	2	axis_1	4	2	0	347.6374131392843	861.082083760406
coordinate_corruption	nonincreasing	commot	GSM7780154	2	axis_2	4	2	0	0.0	5.257055079292674
coordinate_corruption	nonincreasing	commot	GSM7780154	2	axis_3	4	0	0	4.335243695542582	42.59358539611356
coordinate_corruption	nonincreasing	commot	GSM7780154	2	axis_4	4	3	0	4538.778105988961	4920.303981775006
coordinate_corruption	nonincreasing	commot	GSM7780154	3	axis_1	4	0	0	347.6374131392843	909.2552371676816
coordinate_corruption	nonincreasing	commot	GSM7780154	3	axis_2	4	1	0	0.0	9.85948584919285
coordinate_corruption	nonincreasing	commot	GSM7780154	3	axis_3	4	0	0	4.335243695542582	42.77858821766528
coordinate_corruption	nonincreasing	commot	GSM7780154	3	axis_4	4	3	0	4538.778105988961	4950.292822209371
coordinate_corruption	nonincreasing	commot	GSM7780154	4	axis_1	4	0	0	347.6374131392843	952.5197354694112
coordinate_corruption	nonincreasing	commot	GSM7780154	4	axis_2	4	1	0	0.0	7.968289569130927
coordinate_corruption	nonincreasing	commot	GSM7780154	4	axis_3	4	1	0	4.335243695542582	38.05921564195651
coordinate_corruption	nonincreasing	commot	GSM7780154	4	axis_4	4	3	0	4538.778105988961	4941.055018245195
coordinate_corruption	nonincreasing	commot	GSM7780154	5	axis_1	4	0	0	347.6374131392843	864.6731416713658
coordinate_corruption	nonincreasing	commot	GSM7780154	5	axis_2	4	1	0	0.0	13.065902128256758
coordinate_corruption	nonincreasing	commot	GSM7780154	5	axis_3	4	1	0	4.335243695542582	43.569778849966816
coordinate_corruption	nonincreasing	commot	GSM7780154	5	axis_4	4	3	0	4538.778105988961	4936.645650250458
coordinate_corruption	nonincreasing	commot	GSM7780155	1	axis_1	4	1	0	127.68486838945437	204.65579808963344
coordinate_corruption	nonincreasing	commot	GSM7780155	1	axis_2	4	3	0	1.000000000000001	7.622322019733228
coordinate_corruption	nonincreasing	commot	GSM7780155	1	axis_3	4	1	0	5.193010317857354	35.77362112176621
coordinate_corruption	nonincreasing	commot	GSM7780155	1	axis_4	4	1	0	2161.711055822488	2413.657223301047
coordinate_corruption	nonincreasing	commot	GSM7780155	2	axis_1	4	1	0	127.68486838945437	179.4764292969482
coordinate_corruption	nonincreasing	commot	GSM7780155	2	axis_2	4	2	0	1.000000000000001	9.750508365687493
coordinate_corruption	nonincreasing	commot	GSM7780155	2	axis_3	4	0	0	5.193010317857354	48.21500637727718
coordinate_corruption	nonincreasing	commot	GSM7780155	2	axis_4	4	1	0	2161.711055822488	2413.418550111929
coordinate_corruption	nonincreasing	commot	GSM7780155	3	axis_1	4	1	0	127.68486838945437	155.36559213263627
coordinate_corruption	nonincreasing	commot	GSM7780155	3	axis_2	4	1	0	1.000000000000001	12.521116253429284
coordinate_corruption	nonincreasing	commot	GSM7780155	3	axis_3	4	0	0	5.193010317857354	44.96540012993577
coordinate_corruption	nonincreasing	commot	GSM7780155	3	axis_4	4	1	0	2161.711055822488	2418.094763854007
coordinate_corruption	nonincreasing	commot	GSM7780155	4	axis_1	4	1	0	127.68486838945437	210.9090587137604
coordinate_corruption	nonincreasing	commot	GSM7780155	4	axis_2	4	3	0	1.000000000000001	2.9811688523153097
coordinate_corruption	nonincreasing	commot	GSM7780155	4	axis_3	4	1	0	5.193010317857354	45.79787137807656
coordinate_corruption	nonincreasing	commot	GSM7780155	4	axis_4	4	2	0	2161.711055822488	2415.2238967607764
coordinate_corruption	nonincreasing	commot	GSM7780155	5	axis_1	4	1	0	127.68486838945437	188.44112797502265
coordinate_corruption	nonincreasing	commot	GSM7780155	5	axis_2	4	2	0	1.000000000000001	11.786481098273915
coordinate_corruption	nonincreasing	commot	GSM7780155	5	axis_3	4	1	0	5.193010317857354	48.16737358898093
coordinate_corruption	nonincreasing	commot	GSM7780155	5	axis_4	4	1	0	2161.711055822488	2418.7576012257937
coordinate_corruption	nonincreasing	liana	GSM7780153	1	axis_1	4	0	0	4.348861049017507	5.171003891972564
coordinate_corruption	nonincreasing	liana	GSM7780153	1	axis_2	4	0	0	0.0411556689272922	0.4532167361818291
coordinate_corruption	nonincreasing	liana	GSM7780153	2	axis_1	4	0	0	4.348861049017507	5.124476840520373
coordinate_corruption	nonincreasing	liana	GSM7780153	2	axis_2	4	0	0	0.0411556689272922	0.4587059493206135
coordinate_corruption	nonincreasing	liana	GSM7780153	3	axis_1	4	0	0	4.348861049017507	5.147674165640775
coordinate_corruption	nonincreasing	liana	GSM7780153	3	axis_2	4	0	0	0.0411556689272922	0.4656410061154997
coordinate_corruption	nonincreasing	liana	GSM7780153	4	axis_1	4	0	0	4.348861049017507	5.08642595710746
coordinate_corruption	nonincreasing	liana	GSM7780153	4	axis_2	4	0	0	0.0411556689272922	0.4593686706753122
coordinate_corruption	nonincreasing	liana	GSM7780153	5	axis_1	4	0	0	4.348861049017507	5.145569996030943
coordinate_corruption	nonincreasing	liana	GSM7780153	5	axis_2	4	0	0	0.0411556689272922	0.4733701569945086
coordinate_corruption	nonincreasing	liana	GSM7780154	1	axis_1	4	0	0	3.772290764318529	5.411911387042669
coordinate_corruption	nonincreasing	liana	GSM7780154	1	axis_2	4	0	0	0.0576596529500287	0.4743139765969173
coordinate_corruption	nonincreasing	liana	GSM7780154	2	axis_1	4	0	0	3.772290764318529	5.44690843697001
coordinate_corruption	nonincreasing	liana	GSM7780154	2	axis_2	4	0	0	0.0576596529500287	0.4683922935521
coordinate_corruption	nonincreasing	liana	GSM7780154	3	axis_1	4	0	0	3.772290764318529	5.389401182945475
coordinate_corruption	nonincreasing	liana	GSM7780154	3	axis_2	4	0	0	0.0576596529500287	0.4615791834283311
coordinate_corruption	nonincreasing	liana	GSM7780154	4	axis_1	4	0	0	3.772290764318529	5.367329296163338
coordinate_corruption	nonincreasing	liana	GSM7780154	4	axis_2	4	0	0	0.0576596529500287	0.4507177816127274
coordinate_corruption	nonincreasing	liana	GSM7780154	5	axis_1	4	0	0	3.772290764318529	5.34196866183565
coordinate_corruption	nonincreasing	liana	GSM7780154	5	axis_2	4	0	0	0.0576596529500287	0.4637384169973332
coordinate_corruption	nonincreasing	liana	GSM7780155	1	axis_1	4	0	0	3.472137227778423	3.961860691099013
coordinate_corruption	nonincreasing	liana	GSM7780155	1	axis_2	4	0	0	0.0853268061818779	0.5745898805123023
coordinate_corruption	nonincreasing	liana	GSM7780155	2	axis_1	4	0	0	3.472137227778423	3.750742690499291
coordinate_corruption	nonincreasing	liana	GSM7780155	2	axis_2	4	0	0	0.0853268061818779	0.5776558045987793
coordinate_corruption	nonincreasing	liana	GSM7780155	3	axis_1	4	0	0	3.472137227778423	3.7873769625533127
coordinate_corruption	nonincreasing	liana	GSM7780155	3	axis_2	4	0	0	0.0853268061818779	0.5496095284028356
coordinate_corruption	nonincreasing	liana	GSM7780155	4	axis_1	4	1	0	3.472137227778423	3.7767036829664216
coordinate_corruption	nonincreasing	liana	GSM7780155	4	axis_2	4	0	0	0.0853268061818779	0.5557864905541967
coordinate_corruption	nonincreasing	liana	GSM7780155	5	axis_1	4	0	0	3.472137227778423	3.7906657908711487
coordinate_corruption	nonincreasing	liana	GSM7780155	5	axis_2	4	0	0	0.0853268061818779	0.5404618833748451
coordinate_corruption	nonincreasing	cellchat	GSM7780153	1	axis_1	4	3	0	0.439824259427267	0.449010667479534
coordinate_corruption	nonincreasing	cellchat	GSM7780153	1	axis_2	4	3	0	0.0	6.54339837781007e-05
coordinate_corruption	nonincreasing	cellchat	GSM7780153	1	axis_3	4	3	0	0.0032588071612396	0.0163410604184503
coordinate_corruption	nonincreasing	cellchat	GSM7780153	1	axis_4	4	3	0	0.4436152438997	0.450725039981004
coordinate_corruption	nonincreasing	cellchat	GSM7780153	2	axis_1	4	3	0	0.439824259427267	0.449069258341252
coordinate_corruption	nonincreasing	cellchat	GSM7780153	2	axis_2	4	3	0	0.0	6.7532288184912e-05
coordinate_corruption	nonincreasing	cellchat	GSM7780153	2	axis_3	4	3	0	0.0032588071612396	0.0155614632469493
coordinate_corruption	nonincreasing	cellchat	GSM7780153	2	axis_4	4	3	0	0.4436152438997	0.450271334803726
coordinate_corruption	nonincreasing	cellchat	GSM7780153	3	axis_1	4	3	0	0.439824259427267	0.44664391004205
coordinate_corruption	nonincreasing	cellchat	GSM7780153	3	axis_2	4	3	0	0.0	7.8451975527677e-05
coordinate_corruption	nonincreasing	cellchat	GSM7780153	3	axis_3	4	3	0	0.0032588071612396	0.0111216138797436
coordinate_corruption	nonincreasing	cellchat	GSM7780153	3	axis_4	4	3	0	0.4436152438997	0.45137825210626
coordinate_corruption	nonincreasing	cellchat	GSM7780153	4	axis_1	4	3	0	0.439824259427267	0.444702537107813
coordinate_corruption	nonincreasing	cellchat	GSM7780153	4	axis_2	4	3	0	0.0	6.54298952699958e-05
coordinate_corruption	nonincreasing	cellchat	GSM7780153	4	axis_3	4	3	0	0.0032588071612396	0.011412150152921
coordinate_corruption	nonincreasing	cellchat	GSM7780153	4	axis_4	4	3	0	0.4436152438997	0.450812936144435
coordinate_corruption	nonincreasing	cellchat	GSM7780153	5	axis_1	4	3	0	0.439824259427267	0.448998500931554
coordinate_corruption	nonincreasing	cellchat	GSM7780153	5	axis_2	4	3	0	0.0	6.27342460573209e-05
coordinate_corruption	nonincreasing	cellchat	GSM7780153	5	axis_3	4	3	0	0.0032588071612396	0.016987133177266
coordinate_corruption	nonincreasing	cellchat	GSM7780153	5	axis_4	4	3	0	0.4436152438997	0.450181021620525
coordinate_corruption	nonincreasing	cellchat	GSM7780154	1	axis_1	4	3	0	0.499958934876846	0.506735001527806
coordinate_corruption	nonincreasing	cellchat	GSM7780154	1	axis_2	4	3	0	0.0	9.56328755526128e-05
coordinate_corruption	nonincreasing	cellchat	GSM7780154	1	axis_3	4	3	0	0.0066755587881708	0.0254614117994443
coordinate_corruption	nonincreasing	cellchat	GSM7780154	1	axis_4	4	3	0	0.488737166601014	0.497130216389306
coordinate_corruption	nonincreasing	cellchat	GSM7780154	2	axis_1	4	3	0	0.499958934876846	0.508134633648735
coordinate_corruption	nonincreasing	cellchat	GSM7780154	2	axis_2	4	3	0	0.0	7.66084515216298e-05
coordinate_corruption	nonincreasing	cellchat	GSM7780154	2	axis_3	4	3	0	0.0066755587881708	0.0232741285156298
coordinate_corruption	nonincreasing	cellchat	GSM7780154	2	axis_4	4	3	0	0.488737166601014	0.497574884372306
coordinate_corruption	nonincreasing	cellchat	GSM7780154	3	axis_1	4	3	0	0.499958934876846	0.505767501549528
coordinate_corruption	nonincreasing	cellchat	GSM7780154	3	axis_2	4	3	0	0.0	7.5835453320614e-05
coordinate_corruption	nonincreasing	cellchat	GSM7780154	3	axis_3	4	3	0	0.0066755587881708	0.0198612896395963
coordinate_corruption	nonincreasing	cellchat	GSM7780154	3	axis_4	4	3	0	0.488737166601014	0.494848593886413
coordinate_corruption	nonincreasing	cellchat	GSM7780154	4	axis_1	4	3	0	0.499958934876846	0.506502033745609
coordinate_corruption	nonincreasing	cellchat	GSM7780154	4	axis_2	4	3	0	0.0	5.98292374391833e-05
coordinate_corruption	nonincreasing	cellchat	GSM7780154	4	axis_3	4	3	0	0.0066755587881708	0.02482256819085
coordinate_corruption	nonincreasing	cellchat	GSM7780154	4	axis_4	4	3	0	0.488737166601014	0.496830209348934
coordinate_corruption	nonincreasing	cellchat	GSM7780154	5	axis_1	4	3	0	0.499958934876846	0.506125762281807
coordinate_corruption	nonincreasing	cellchat	GSM7780154	5	axis_2	4	3	0	0.0	6.01811832183111e-05
coordinate_corruption	nonincreasing	cellchat	GSM7780154	5	axis_3	4	3	0	0.0066755587881708	0.025980155826112
coordinate_corruption	nonincreasing	cellchat	GSM7780154	5	axis_4	4	3	0	0.488737166601014	0.497298301569047
coordinate_corruption	nonincreasing	cellchat	GSM7780155	1	axis_1	4	3	0	0.254700543756719	0.2992814187264
coordinate_corruption	nonincreasing	cellchat	GSM7780155	1	axis_2	4	3	0	0.0	0.0001270469809279
coordinate_corruption	nonincreasing	cellchat	GSM7780155	1	axis_3	4	3	0	0.0087541388247673	0.0319990509590343
coordinate_corruption	nonincreasing	cellchat	GSM7780155	1	axis_4	4	3	0	0.339847527579177	0.365484479501988
coordinate_corruption	nonincreasing	cellchat	GSM7780155	2	axis_1	4	3	0	0.254700543756719	0.28036978581731
coordinate_corruption	nonincreasing	cellchat	GSM7780155	2	axis_2	4	3	0	0.0	0.000220542177285
coordinate_corruption	nonincreasing	cellchat	GSM7780155	2	axis_3	4	3	0	0.0087541388247673	0.0329910829069683
coordinate_corruption	nonincreasing	cellchat	GSM7780155	2	axis_4	4	3	0	0.339847527579177	0.363501334017754
coordinate_corruption	nonincreasing	cellchat	GSM7780155	3	axis_1	4	3	0	0.254700543756719	0.28300596639335
coordinate_corruption	nonincreasing	cellchat	GSM7780155	3	axis_2	4	3	0	0.0	0.0001546775659155
coordinate_corruption	nonincreasing	cellchat	GSM7780155	3	axis_3	4	3	0	0.0087541388247673	0.0308603569586085
coordinate_corruption	nonincreasing	cellchat	GSM7780155	3	axis_4	4	3	0	0.339847527579177	0.36884401221701
coordinate_corruption	nonincreasing	cellchat	GSM7780155	4	axis_1	4	3	0	0.254700543756719	0.280873934104258
coordinate_corruption	nonincreasing	cellchat	GSM7780155	4	axis_2	4	3	0	0.0	0.0001668202252213
coordinate_corruption	nonincreasing	cellchat	GSM7780155	4	axis_3	4	3	0	0.0087541388247673	0.0308885431235596
coordinate_corruption	nonincreasing	cellchat	GSM7780155	4	axis_4	4	3	0	0.339847527579177	0.366274321598483
coordinate_corruption	nonincreasing	cellchat	GSM7780155	5	axis_1	4	3	0	0.254700543756719	0.282522221543965
coordinate_corruption	nonincreasing	cellchat	GSM7780155	5	axis_2	4	3	0	0.0	0.0001540260271503
coordinate_corruption	nonincreasing	cellchat	GSM7780155	5	axis_3	4	3	0	0.0087541388247673	0.028273585527587
coordinate_corruption	nonincreasing	cellchat	GSM7780155	5	axis_4	4	3	0	0.339847527579177	0.364402405141992
coordinate_corruption	nonincreasing	spatiallr_trust	GSM7780153	1	axis_1	4	3	0	0.7333333333333333	0.4
coordinate_corruption	nonincreasing	spatiallr_trust	GSM7780153	1	axis_2	4	3	0	0.0	0.5666666666666667
coordinate_corruption	nonincreasing	spatiallr_trust	GSM7780153	1	axis_3	4	3	0	0.3333333333333333	0.3333333333333333
coordinate_corruption	nonincreasing	spatiallr_trust	GSM7780153	1	axis_4	4	4	1	0.5666666666666667	0.5
coordinate_corruption	nonincreasing	spatiallr_trust	GSM7780153	2	axis_1	4	3	0	0.7333333333333333	0.4
coordinate_corruption	nonincreasing	spatiallr_trust	GSM7780153	2	axis_2	4	3	0	0.0	0.4
coordinate_corruption	nonincreasing	spatiallr_trust	GSM7780153	2	axis_3	4	3	0	0.3333333333333333	0.3333333333333333
coordinate_corruption	nonincreasing	spatiallr_trust	GSM7780153	2	axis_4	4	4	1	0.5666666666666667	0.5
coordinate_corruption	nonincreasing	spatiallr_trust	GSM7780153	3	axis_1	4	3	0	0.7333333333333333	0.5666666666666667
coordinate_corruption	nonincreasing	spatiallr_trust	GSM7780153	3	axis_2	4	3	0	0.0	0.4
coordinate_corruption	nonincreasing	spatiallr_trust	GSM7780153	3	axis_3	4	4	1	0.3333333333333333	0.3333333333333333
coordinate_corruption	nonincreasing	spatiallr_trust	GSM7780153	3	axis_4	4	4	1	0.5666666666666667	0.5
coordinate_corruption	nonincreasing	spatiallr_trust	GSM7780153	4	axis_1	4	4	1	0.5666666666666667	0.5666666666666667
coordinate_corruption	nonincreasing	spatiallr_trust	GSM7780153	4	axis_2	4	2	0	0.0	0.4
coordinate_corruption	nonincreasing	spatiallr_trust	GSM7780153	4	axis_3	4	3	0	0.3333333333333333	0.3333333333333333
coordinate_corruption	nonincreasing	spatiallr_trust	GSM7780153	4	axis_4	4	4	1	0.5666666666666667	0.5
coordinate_corruption	nonincreasing	spatiallr_trust	GSM7780153	5	axis_1	4	3	0	0.7333333333333333	0.5666666666666667
coordinate_corruption	nonincreasing	spatiallr_trust	GSM7780153	5	axis_2	4	3	0	0.0	0.23333333333333334
coordinate_corruption	nonincreasing	spatiallr_trust	GSM7780153	5	axis_3	4	4	1	0.3333333333333333	0.3333333333333333
coordinate_corruption	nonincreasing	spatiallr_trust	GSM7780153	5	axis_4	4	4	1	0.5666666666666667	0.5
coordinate_corruption	nonincreasing	spatiallr_trust	GSM7780154	1	axis_1	4	4	1	0.5666666666666667	0.5666666666666667
coordinate_corruption	nonincreasing	spatiallr_trust	GSM7780154	1	axis_2	4	3	0	0.0	0.5666666666666667
coordinate_corruption	nonincreasing	spatiallr_trust	GSM7780154	1	axis_3	4	3	0	0.3333333333333333	0.3333333333333333
coordinate_corruption	nonincreasing	spatiallr_trust	GSM7780154	1	axis_4	4	4	1	0.7999999999999999	0.5
coordinate_corruption	nonincreasing	spatiallr_trust	GSM7780154	2	axis_1	4	4	1	0.5666666666666667	0.4
coordinate_corruption	nonincreasing	spatiallr_trust	GSM7780154	2	axis_2	4	3	0	0.0	0.4
coordinate_corruption	nonincreasing	spatiallr_trust	GSM7780154	2	axis_3	4	3	0	0.3333333333333333	0.3333333333333333
coordinate_corruption	nonincreasing	spatiallr_trust	GSM7780154	2	axis_4	4	4	1	0.7999999999999999	0.5
coordinate_corruption	nonincreasing	spatiallr_trust	GSM7780154	3	axis_1	4	4	1	0.5666666666666667	0.5666666666666667
coordinate_corruption	nonincreasing	spatiallr_trust	GSM7780154	3	axis_2	4	3	0	0.0	0.4
coordinate_corruption	nonincreasing	spatiallr_trust	GSM7780154	3	axis_3	4	3	0	0.3333333333333333	0.3333333333333333
coordinate_corruption	nonincreasing	spatiallr_trust	GSM7780154	3	axis_4	4	4	1	0.7666666666666666	0.5
coordinate_corruption	nonincreasing	spatiallr_trust	GSM7780154	4	axis_1	4	3	0	0.5666666666666667	0.4
coordinate_corruption	nonincreasing	spatiallr_trust	GSM7780154	4	axis_2	4	3	0	0.0	0.4
coordinate_corruption	nonincreasing	spatiallr_trust	GSM7780154	4	axis_3	4	3	0	0.3333333333333333	0.3333333333333333
coordinate_corruption	nonincreasing	spatiallr_trust	GSM7780154	4	axis_4	4	3	0	0.7666666666666666	0.5
coordinate_corruption	nonincreasing	spatiallr_trust	GSM7780154	5	axis_1	4	3	0	0.5666666666666667	0.5666666666666667
coordinate_corruption	nonincreasing	spatiallr_trust	GSM7780154	5	axis_2	4	3	0	0.0	0.4
coordinate_corruption	nonincreasing	spatiallr_trust	GSM7780154	5	axis_3	4	3	0	0.3333333333333333	0.3333333333333333
coordinate_corruption	nonincreasing	spatiallr_trust	GSM7780154	5	axis_4	4	4	1	0.7666666666666666	0.5
coordinate_corruption	nonincreasing	spatiallr_trust	GSM7780155	1	axis_1	4	4	1	0.4	0.4
coordinate_corruption	nonincreasing	spatiallr_trust	GSM7780155	1	axis_2	4	3	0	0.06666666666666667	0.4
coordinate_corruption	nonincreasing	spatiallr_trust	GSM7780155	1	axis_3	4	3	0	0.13333333333333333	0.3333333333333333
coordinate_corruption	nonincreasing	spatiallr_trust	GSM7780155	1	axis_4	4	3	0	0.5666666666666667	0.5
coordinate_corruption	nonincreasing	spatiallr_trust	GSM7780155	2	axis_1	4	4	1	0.4	0.4
coordinate_corruption	nonincreasing	spatiallr_trust	GSM7780155	2	axis_2	4	3	0	0.06666666666666667	0.4
coordinate_corruption	nonincreasing	spatiallr_trust	GSM7780155	2	axis_3	4	3	0	0.13333333333333333	0.3333333333333333
coordinate_corruption	nonincreasing	spatiallr_trust	GSM7780155	2	axis_4	4	3	0	0.39999999999999997	0.5
coordinate_corruption	nonincreasing	spatiallr_trust	GSM7780155	3	axis_1	4	4	1	0.4	0.4
coordinate_corruption	nonincreasing	spatiallr_trust	GSM7780155	3	axis_2	4	3	0	0.06666666666666667	0.5666666666666667
coordinate_corruption	nonincreasing	spatiallr_trust	GSM7780155	3	axis_3	4	3	0	0.13333333333333333	0.3333333333333333
coordinate_corruption	nonincreasing	spatiallr_trust	GSM7780155	3	axis_4	4	3	0	0.39999999999999997	0.3333333333333333
coordinate_corruption	nonincreasing	spatiallr_trust	GSM7780155	4	axis_1	4	4	1	0.4	0.4
coordinate_corruption	nonincreasing	spatiallr_trust	GSM7780155	4	axis_2	4	3	0	0.06666666666666667	0.23333333333333334
coordinate_corruption	nonincreasing	spatiallr_trust	GSM7780155	4	axis_3	4	2	0	0.13333333333333333	0.5
coordinate_corruption	nonincreasing	spatiallr_trust	GSM7780155	4	axis_4	4	3	0	0.5666666666666667	0.3333333333333333
coordinate_corruption	nonincreasing	spatiallr_trust	GSM7780155	5	axis_1	4	4	1	0.4	0.4
coordinate_corruption	nonincreasing	spatiallr_trust	GSM7780155	5	axis_2	4	3	0	0.06666666666666667	0.5666666666666667
coordinate_corruption	nonincreasing	spatiallr_trust	GSM7780155	5	axis_3	4	3	0	0.13333333333333333	0.3333333333333333
coordinate_corruption	nonincreasing	spatiallr_trust	GSM7780155	5	axis_4	4	2	0	0.39999999999999997	0.3333333333333333
label_corruption	nonincreasing	commot	GSM7780153	1	axis_1	3	2	0	337.215159201763	215.1796089781928
label_corruption	nonincreasing	commot	GSM7780153	1	axis_2	3	1	0	0.0	3.3790943079196776
label_corruption	nonincreasing	commot	GSM7780153	1	axis_3	3	2	0	3.63938689742845	3.408758655807503
label_corruption	nonincreasing	commot	GSM7780153	1	axis_4	3	3	1	4684.654368189002	2677.616504035279
label_corruption	nonincreasing	commot	GSM7780153	2	axis_1	3	2	0	337.215159201763	183.60252509666265
label_corruption	nonincreasing	commot	GSM7780153	2	axis_2	3	2	0	0.0	0.0
label_corruption	nonincreasing	commot	GSM7780153	2	axis_3	3	2	0	3.63938689742845	7.680259230295889
label_corruption	nonincreasing	commot	GSM7780153	2	axis_4	3	3	1	4684.654368189002	2482.6837199591305
label_corruption	nonincreasing	commot	GSM7780153	3	axis_1	3	2	0	337.215159201763	187.89674278031777
label_corruption	nonincreasing	commot	GSM7780153	3	axis_2	3	2	0	0.0	2.521637263983577
label_corruption	nonincreasing	commot	GSM7780153	3	axis_3	3	1	0	3.63938689742845	5.233650507480734
label_corruption	nonincreasing	commot	GSM7780153	3	axis_4	3	3	1	4684.654368189002	2637.1235538816986
label_corruption	nonincreasing	commot	GSM7780153	4	axis_1	3	3	1	337.215159201763	147.3991878287391
label_corruption	nonincreasing	commot	GSM7780153	4	axis_2	3	2	0	0.0	1.537389640449841
label_corruption	nonincreasing	commot	GSM7780153	4	axis_3	3	2	0	3.63938689742845	5.639921742565618
label_corruption	nonincreasing	commot	GSM7780153	4	axis_4	3	3	1	4684.654368189002	2738.326567177283
label_corruption	nonincreasing	commot	GSM7780153	5	axis_1	3	2	0	337.215159201763	199.1845916873687
label_corruption	nonincreasing	commot	GSM7780153	5	axis_2	3	1	0	0.0	2.555158442606258
label_corruption	nonincreasing	commot	GSM7780153	5	axis_3	3	2	0	3.63938689742845	4.431121204750376
label_corruption	nonincreasing	commot	GSM7780153	5	axis_4	3	3	1	4684.654368189002	2546.2808531973183
label_corruption	nonincreasing	commot	GSM7780154	1	axis_1	3	2	0	347.6374131392843	181.23757160717497
label_corruption	nonincreasing	commot	GSM7780154	1	axis_2	3	2	0	0.0	7.06096286675662
label_corruption	nonincreasing	commot	GSM7780154	1	axis_3	3	1	0	4.335243695542582	10.858901291163914
label_corruption	nonincreasing	commot	GSM7780154	1	axis_4	3	3	1	4538.778105988961	2525.167217389539
label_corruption	nonincreasing	commot	GSM7780154	2	axis_1	3	2	0	347.6374131392843	220.3326100003773
label_corruption	nonincreasing	commot	GSM7780154	2	axis_2	3	1	0	0.0	1.7330714942852432
label_corruption	nonincreasing	commot	GSM7780154	2	axis_3	3	2	0	4.335243695542582	6.016943195652539
label_corruption	nonincreasing	commot	GSM7780154	2	axis_4	3	3	1	4538.778105988961	2500.174434558848
label_corruption	nonincreasing	commot	GSM7780154	3	axis_1	3	2	0	347.6374131392843	139.5854087249553
label_corruption	nonincreasing	commot	GSM7780154	3	axis_2	3	1	0	0.0	3.217525731649351
label_corruption	nonincreasing	commot	GSM7780154	3	axis_3	3	2	0	4.335243695542582	5.099912065528802
label_corruption	nonincreasing	commot	GSM7780154	3	axis_4	3	3	1	4538.778105988961	2637.4194606105043
label_corruption	nonincreasing	commot	GSM7780154	4	axis_1	3	2	0	347.6374131392843	212.40714690701435
label_corruption	nonincreasing	commot	GSM7780154	4	axis_2	3	1	0	0.0	2.405758544344837
label_corruption	nonincreasing	commot	GSM7780154	4	axis_3	3	2	0	4.335243695542582	6.377865423901282
label_corruption	nonincreasing	commot	GSM7780154	4	axis_4	3	3	1	4538.778105988961	2634.6935659778974
label_corruption	nonincreasing	commot	GSM7780154	5	axis_1	3	2	0	347.6374131392843	175.55909990244498
label_corruption	nonincreasing	commot	GSM7780154	5	axis_2	3	2	0	0.0	1.000664351813027
label_corruption	nonincreasing	commot	GSM7780154	5	axis_3	3	2	0	4.335243695542582	6.811994928566407
label_corruption	nonincreasing	commot	GSM7780154	5	axis_4	3	3	1	4538.778105988961	2575.464258960342
label_corruption	nonincreasing	commot	GSM7780155	1	axis_1	3	2	0	127.68486838945437	77.22139160104607
label_corruption	nonincreasing	commot	GSM7780155	1	axis_2	3	2	0	1.000000000000001	9.525752420226494
label_corruption	nonincreasing	commot	GSM7780155	1	axis_3	3	2	0	5.193010317857354	10.147662761938346
label_corruption	nonincreasing	commot	GSM7780155	1	axis_4	3	3	1	2161.711055822488	1257.3701337676762
label_corruption	nonincreasing	commot	GSM7780155	2	axis_1	3	2	0	127.68486838945437	63.41327786699642
label_corruption	nonincreasing	commot	GSM7780155	2	axis_2	3	2	0	1.000000000000001	4.052075834634042
label_corruption	nonincreasing	commot	GSM7780155	2	axis_3	3	2	0	5.193010317857354	12.697824878719247
label_corruption	nonincreasing	commot	GSM7780155	2	axis_4	3	2	0	2161.711055822488	1245.3362493472566
label_corruption	nonincreasing	commot	GSM7780155	3	axis_1	3	2	0	127.68486838945437	85.59922684571345
label_corruption	nonincreasing	commot	GSM7780155	3	axis_2	3	2	0	1.000000000000001	5.138085824571499
label_corruption	nonincreasing	commot	GSM7780155	3	axis_3	3	1	0	5.193010317857354	8.523247102861554
label_corruption	nonincreasing	commot	GSM7780155	3	axis_4	3	2	0	2161.711055822488	1166.725445039347
label_corruption	nonincreasing	commot	GSM7780155	4	axis_1	3	2	0	127.68486838945437	56.339457907497504
label_corruption	nonincreasing	commot	GSM7780155	4	axis_2	3	2	0	1.000000000000001	3.9649091107690175
label_corruption	nonincreasing	commot	GSM7780155	4	axis_3	3	2	0	5.193010317857354	7.549882119751716
label_corruption	nonincreasing	commot	GSM7780155	4	axis_4	3	3	1	2161.711055822488	1319.2997770523734
label_corruption	nonincreasing	commot	GSM7780155	5	axis_1	3	2	0	127.68486838945437	87.01566153970705
label_corruption	nonincreasing	commot	GSM7780155	5	axis_2	3	2	0	1.000000000000001	3.6769934644410274
label_corruption	nonincreasing	commot	GSM7780155	5	axis_3	3	2	0	5.193010317857354	8.228607550755495
label_corruption	nonincreasing	commot	GSM7780155	5	axis_4	3	2	0	2161.711055822488	1236.2906030981692
label_corruption	nonincreasing	liana	GSM7780153	1	axis_1	3	2	0	4.348861049017507	4.000168809841439
label_corruption	nonincreasing	liana	GSM7780153	1	axis_2	3	2	0	0.0411556689272922	0.2259670757758532
label_corruption	nonincreasing	liana	GSM7780153	2	axis_1	3	2	0	4.348861049017507	4.034908547760523
label_corruption	nonincreasing	liana	GSM7780153	2	axis_2	3	2	0	0.0411556689272922	0.2143568086856623
label_corruption	nonincreasing	liana	GSM7780153	3	axis_1	3	2	0	4.348861049017507	3.972700012078846
label_corruption	nonincreasing	liana	GSM7780153	3	axis_2	3	2	0	0.0411556689272922	0.2225473128570499
label_corruption	nonincreasing	liana	GSM7780153	4	axis_1	3	2	0	4.348861049017507	3.949709095279899
label_corruption	nonincreasing	liana	GSM7780153	4	axis_2	3	2	0	0.0411556689272922	0.2294347492897921
label_corruption	nonincreasing	liana	GSM7780153	5	axis_1	3	2	0	4.348861049017507	4.072110048475159
label_corruption	nonincreasing	liana	GSM7780153	5	axis_2	3	2	0	0.0411556689272922	0.2289910315357431
label_corruption	nonincreasing	liana	GSM7780154	1	axis_1	3	1	0	3.772290764318529	4.141459309383515
label_corruption	nonincreasing	liana	GSM7780154	1	axis_2	3	2	0	0.0576596529500287	0.3026952057783525
label_corruption	nonincreasing	liana	GSM7780154	2	axis_1	3	2	0	3.772290764318529	4.13184283026554
label_corruption	nonincreasing	liana	GSM7780154	2	axis_2	3	2	0	0.0576596529500287	0.2987508935013973
label_corruption	nonincreasing	liana	GSM7780154	3	axis_1	3	1	0	3.772290764318529	4.081563555012832
label_corruption	nonincreasing	liana	GSM7780154	3	axis_2	3	2	0	0.0576596529500287	0.2841742935475632
label_corruption	nonincreasing	liana	GSM7780154	4	axis_1	3	2	0	3.772290764318529	4.090203173447431
label_corruption	nonincreasing	liana	GSM7780154	4	axis_2	3	2	0	0.0576596529500287	0.2472156872243637
label_corruption	nonincreasing	liana	GSM7780154	5	axis_1	3	1	0	3.772290764318529	4.147605441130931
label_corruption	nonincreasing	liana	GSM7780154	5	axis_2	3	2	0	0.0576596529500287	0.2393754333142076
label_corruption	nonincreasing	liana	GSM7780155	1	axis_1	3	2	0	3.472137227778423	3.0630489876262814
label_corruption	nonincreasing	liana	GSM7780155	1	axis_2	3	2	0	0.0853268061818779	0.2945383545268573
label_corruption	nonincreasing	liana	GSM7780155	2	axis_1	3	2	0	3.472137227778423	2.996749555474106
label_corruption	nonincreasing	liana	GSM7780155	2	axis_2	3	2	0	0.0853268061818779	0.3057346761232867
label_corruption	nonincreasing	liana	GSM7780155	3	axis_1	3	2	0	3.472137227778423	2.99968939224945
label_corruption	nonincreasing	liana	GSM7780155	3	axis_2	3	2	0	0.0853268061818779	0.3113819704796022
label_corruption	nonincreasing	liana	GSM7780155	4	axis_1	3	2	0	3.472137227778423	2.913585811423097
label_corruption	nonincreasing	liana	GSM7780155	4	axis_2	3	2	0	0.0853268061818779	0.2847096029556662
label_corruption	nonincreasing	liana	GSM7780155	5	axis_1	3	2	0	3.472137227778423	3.0151962881036227
label_corruption	nonincreasing	liana	GSM7780155	5	axis_2	3	2	0	0.0853268061818779	0.2791266467804994
label_corruption	nonincreasing	cellchat	GSM7780153	1	axis_1	3	3	1	0.439824259427267	0.321364359346
label_corruption	nonincreasing	cellchat	GSM7780153	1	axis_2	3	2	0	0.0	0.0
label_corruption	nonincreasing	cellchat	GSM7780153	1	axis_3	3	2	0	0.0032588071612396	0.0018805585688437
label_corruption	nonincreasing	cellchat	GSM7780153	1	axis_4	3	3	1	0.4436152438997	0.201580890621478
label_corruption	nonincreasing	cellchat	GSM7780153	2	axis_1	3	3	1	0.439824259427267	0.325570803793759
label_corruption	nonincreasing	cellchat	GSM7780153	2	axis_2	3	3	1	0.0	0.0
label_corruption	nonincreasing	cellchat	GSM7780153	2	axis_3	3	2	0	0.0032588071612396	0.0034004134368702
label_corruption	nonincreasing	cellchat	GSM7780153	2	axis_4	3	3	1	0.4436152438997	0.206801080005242
label_corruption	nonincreasing	cellchat	GSM7780153	3	axis_1	3	3	1	0.439824259427267	0.319288119979822
label_corruption	nonincreasing	cellchat	GSM7780153	3	axis_2	3	2	0	0.0	0.0
label_corruption	nonincreasing	cellchat	GSM7780153	3	axis_3	3	2	0	0.0032588071612396	0.0021893911456839
label_corruption	nonincreasing	cellchat	GSM7780153	3	axis_4	3	3	1	0.4436152438997	0.201697128068157
label_corruption	nonincreasing	cellchat	GSM7780153	4	axis_1	3	3	1	0.439824259427267	0.314862536631409
label_corruption	nonincreasing	cellchat	GSM7780153	4	axis_2	3	3	1	0.0	0.0
label_corruption	nonincreasing	cellchat	GSM7780153	4	axis_3	3	2	0	0.0032588071612396	0.0013760887871609
label_corruption	nonincreasing	cellchat	GSM7780153	4	axis_4	3	3	1	0.4436152438997	0.210954693689183
label_corruption	nonincreasing	cellchat	GSM7780153	5	axis_1	3	3	1	0.439824259427267	0.326856239167703
label_corruption	nonincreasing	cellchat	GSM7780153	5	axis_2	3	2	0	0.0	0.0
label_corruption	nonincreasing	cellchat	GSM7780153	5	axis_3	3	2	0	0.0032588071612396	0.0031803345027168
label_corruption	nonincreasing	cellchat	GSM7780153	5	axis_4	3	3	1	0.4436152438997	0.212594102237692
label_corruption	nonincreasing	cellchat	GSM7780154	1	axis_1	3	3	1	0.499958934876846	0.378928737720073
label_corruption	nonincreasing	cellchat	GSM7780154	1	axis_2	3	2	0	0.0	0.0
label_corruption	nonincreasing	cellchat	GSM7780154	1	axis_3	3	2	0	0.0066755587881708	0.0045479542661899
label_corruption	nonincreasing	cellchat	GSM7780154	1	axis_4	3	3	1	0.488737166601014	0.240734209867637
label_corruption	nonincreasing	cellchat	GSM7780154	2	axis_1	3	3	1	0.499958934876846	0.373071209263609
label_corruption	nonincreasing	cellchat	GSM7780154	2	axis_2	3	3	1	0.0	0.0
label_corruption	nonincreasing	cellchat	GSM7780154	2	axis_3	3	2	0	0.0066755587881708	0.0033865036308999
label_corruption	nonincreasing	cellchat	GSM7780154	2	axis_4	3	3	1	0.488737166601014	0.239983863854523
label_corruption	nonincreasing	cellchat	GSM7780154	3	axis_1	3	3	1	0.499958934876846	0.372213434312605
label_corruption	nonincreasing	cellchat	GSM7780154	3	axis_2	3	3	1	0.0	0.0
label_corruption	nonincreasing	cellchat	GSM7780154	3	axis_3	3	2	0	0.0066755587881708	0.0029312500569201
label_corruption	nonincreasing	cellchat	GSM7780154	3	axis_4	3	3	1	0.488737166601014	0.244135679173388
label_corruption	nonincreasing	cellchat	GSM7780154	4	axis_1	3	3	1	0.499958934876846	0.368754227439132
label_corruption	nonincreasing	cellchat	GSM7780154	4	axis_2	3	3	1	0.0	0.0
label_corruption	nonincreasing	cellchat	GSM7780154	4	axis_3	3	2	0	0.0066755587881708	0.004540810489858
label_corruption	nonincreasing	cellchat	GSM7780154	4	axis_4	3	3	1	0.488737166601014	0.244395295688638
label_corruption	nonincreasing	cellchat	GSM7780154	5	axis_1	3	3	1	0.499958934876846	0.377426316189642
label_corruption	nonincreasing	cellchat	GSM7780154	5	axis_2	3	3	1	0.0	0.0
label_corruption	nonincreasing	cellchat	GSM7780154	5	axis_3	3	2	0	0.0066755587881708	0.0034792364133621
label_corruption	nonincreasing	cellchat	GSM7780154	5	axis_4	3	3	1	0.488737166601014	0.238380960605345
label_corruption	nonincreasing	cellchat	GSM7780155	1	axis_1	3	2	0	0.254700543756719	0.185040986311878
label_corruption	nonincreasing	cellchat	GSM7780155	1	axis_2	3	2	0	0.0	0.0
label_corruption	nonincreasing	cellchat	GSM7780155	1	axis_3	3	2	0	0.0087541388247673	0.00617788217283
label_corruption	nonincreasing	cellchat	GSM7780155	1	axis_4	3	3	1	0.339847527579177	0.132795362225736
label_corruption	nonincreasing	cellchat	GSM7780155	2	axis_1	3	2	0	0.254700543756719	0.180234266954073
label_corruption	nonincreasing	cellchat	GSM7780155	2	axis_2	3	2	0	0.0	0.0
label_corruption	nonincreasing	cellchat	GSM7780155	2	axis_3	3	2	0	0.0087541388247673	0.0073568330723867
label_corruption	nonincreasing	cellchat	GSM7780155	2	axis_4	3	3	1	0.339847527579177	0.14286610924477
label_corruption	nonincreasing	cellchat	GSM7780155	3	axis_1	3	2	0	0.254700543756719	0.175369915438596
label_corruption	nonincreasing	cellchat	GSM7780155	3	axis_2	3	2	0	0.0	0.0
label_corruption	nonincreasing	cellchat	GSM7780155	3	axis_3	3	2	0	0.0087541388247673	0.0040403961134948
label_corruption	nonincreasing	cellchat	GSM7780155	3	axis_4	3	3	1	0.339847527579177	0.127209614152791
label_corruption	nonincreasing	cellchat	GSM7780155	4	axis_1	3	2	0	0.254700543756719	0.169278815181608
label_corruption	nonincreasing	cellchat	GSM7780155	4	axis_2	3	2	0	0.0	0.0
label_corruption	nonincreasing	cellchat	GSM7780155	4	axis_3	3	2	0	0.0087541388247673	0.0044110079258054
label_corruption	nonincreasing	cellchat	GSM7780155	4	axis_4	3	3	1	0.339847527579177	0.146253064203973
label_corruption	nonincreasing	cellchat	GSM7780155	5	axis_1	3	2	0	0.254700543756719	0.183396917877475
label_corruption	nonincreasing	cellchat	GSM7780155	5	axis_2	3	2	0	0.0	0.0
label_corruption	nonincreasing	cellchat	GSM7780155	5	axis_3	3	2	0	0.0087541388247673	0.0045820103755128
label_corruption	nonincreasing	cellchat	GSM7780155	5	axis_4	3	3	1	0.339847527579177	0.136349594805238
label_corruption	nonincreasing	spatiallr_trust	GSM7780153	1	axis_1	3	3	1	0.7333333333333333	0.4
label_corruption	nonincreasing	spatiallr_trust	GSM7780153	1	axis_2	3	1	0	0.0	0.7999999999999999
label_corruption	nonincreasing	spatiallr_trust	GSM7780153	1	axis_3	3	3	1	0.3333333333333333	0.3333333333333333
label_corruption	nonincreasing	spatiallr_trust	GSM7780153	1	axis_4	3	3	1	0.5666666666666667	0.3333333333333333
label_corruption	nonincreasing	spatiallr_trust	GSM7780153	2	axis_1	3	3	1	0.7333333333333333	0.5666666666666667
label_corruption	nonincreasing	spatiallr_trust	GSM7780153	2	axis_2	3	2	0	0.0	0.13333333333333333
label_corruption	nonincreasing	spatiallr_trust	GSM7780153	2	axis_3	3	2	0	0.3333333333333333	0.3333333333333333
label_corruption	nonincreasing	spatiallr_trust	GSM7780153	2	axis_4	3	3	1	0.5666666666666667	0.3333333333333333
label_corruption	nonincreasing	spatiallr_trust	GSM7780153	3	axis_1	3	2	0	0.7333333333333333	0.7666666666666666
label_corruption	nonincreasing	spatiallr_trust	GSM7780153	3	axis_2	3	2	0	0.0	0.7666666666666666
label_corruption	nonincreasing	spatiallr_trust	GSM7780153	3	axis_3	3	2	0	0.3333333333333333	0.3333333333333333
label_corruption	nonincreasing	spatiallr_trust	GSM7780153	3	axis_4	3	2	0	0.5666666666666667	0.3333333333333333
label_corruption	nonincreasing	spatiallr_trust	GSM7780153	4	axis_1	3	2	0	0.5666666666666667	0.7333333333333333
label_corruption	nonincreasing	spatiallr_trust	GSM7780153	4	axis_2	3	2	0	0.0	0.2
label_corruption	nonincreasing	spatiallr_trust	GSM7780153	4	axis_3	3	2	0	0.3333333333333333	0.36666666666666664
label_corruption	nonincreasing	spatiallr_trust	GSM7780153	4	axis_4	3	3	1	0.5666666666666667	0.3333333333333333
label_corruption	nonincreasing	spatiallr_trust	GSM7780153	5	axis_1	3	2	0	0.7333333333333333	0.7666666666666666
label_corruption	nonincreasing	spatiallr_trust	GSM7780153	5	axis_2	3	2	0	0.0	0.39999999999999997
label_corruption	nonincreasing	spatiallr_trust	GSM7780153	5	axis_3	3	2	0	0.3333333333333333	0.3333333333333333
label_corruption	nonincreasing	spatiallr_trust	GSM7780153	5	axis_4	3	2	0	0.5666666666666667	0.3333333333333333
label_corruption	nonincreasing	spatiallr_trust	GSM7780154	1	axis_1	3	2	0	0.5666666666666667	0.5666666666666667
label_corruption	nonincreasing	spatiallr_trust	GSM7780154	1	axis_2	3	2	0	0.0	0.7999999999999999
label_corruption	nonincreasing	spatiallr_trust	GSM7780154	1	axis_3	3	2	0	0.3333333333333333	0.3333333333333333
label_corruption	nonincreasing	spatiallr_trust	GSM7780154	1	axis_4	3	3	1	0.7999999999999999	0.3333333333333333
label_corruption	nonincreasing	spatiallr_trust	GSM7780154	2	axis_1	3	3	1	0.5666666666666667	0.5666666666666667
label_corruption	nonincreasing	spatiallr_trust	GSM7780154	2	axis_2	3	2	0	0.0	0.39999999999999997
label_corruption	nonincreasing	spatiallr_trust	GSM7780154	2	axis_3	3	2	0	0.3333333333333333	0.13333333333333333
label_corruption	nonincreasing	spatiallr_trust	GSM7780154	2	axis_4	3	3	1	0.7999999999999999	0.3333333333333333
label_corruption	nonincreasing	spatiallr_trust	GSM7780154	3	axis_1	3	3	1	0.5666666666666667	0.5666666666666667
label_corruption	nonincreasing	spatiallr_trust	GSM7780154	3	axis_2	3	2	0	0.0	0.39999999999999997
label_corruption	nonincreasing	spatiallr_trust	GSM7780154	3	axis_3	3	2	0	0.3333333333333333	0.13333333333333333
label_corruption	nonincreasing	spatiallr_trust	GSM7780154	3	axis_4	3	3	1	0.7666666666666666	0.3333333333333333
label_corruption	nonincreasing	spatiallr_trust	GSM7780154	4	axis_1	3	2	0	0.5666666666666667	0.5666666666666667
label_corruption	nonincreasing	spatiallr_trust	GSM7780154	4	axis_2	3	1	0	0.0	0.6
label_corruption	nonincreasing	spatiallr_trust	GSM7780154	4	axis_3	3	3	1	0.3333333333333333	0.13333333333333333
label_corruption	nonincreasing	spatiallr_trust	GSM7780154	4	axis_4	3	3	1	0.7666666666666666	0.3333333333333333
label_corruption	nonincreasing	spatiallr_trust	GSM7780154	5	axis_1	3	2	0	0.5666666666666667	0.7666666666666666
label_corruption	nonincreasing	spatiallr_trust	GSM7780154	5	axis_2	3	2	0	0.0	0.2
label_corruption	nonincreasing	spatiallr_trust	GSM7780154	5	axis_3	3	3	1	0.3333333333333333	0.3333333333333333
label_corruption	nonincreasing	spatiallr_trust	GSM7780154	5	axis_4	3	3	1	0.7666666666666666	0.3333333333333333
label_corruption	nonincreasing	spatiallr_trust	GSM7780155	1	axis_1	3	3	1	0.4	0.4
label_corruption	nonincreasing	spatiallr_trust	GSM7780155	1	axis_2	3	2	0	0.06666666666666667	0.7999999999999999
label_corruption	nonincreasing	spatiallr_trust	GSM7780155	1	axis_3	3	2	0	0.13333333333333333	0.3333333333333333
label_corruption	nonincreasing	spatiallr_trust	GSM7780155	1	axis_4	3	2	0	0.5666666666666667	0.5
label_corruption	nonincreasing	spatiallr_trust	GSM7780155	2	axis_1	3	3	1	0.4	0.4
label_corruption	nonincreasing	spatiallr_trust	GSM7780155	2	axis_2	3	2	0	0.06666666666666667	0.7666666666666666
label_corruption	nonincreasing	spatiallr_trust	GSM7780155	2	axis_3	3	2	0	0.13333333333333333	0.3333333333333333
label_corruption	nonincreasing	spatiallr_trust	GSM7780155	2	axis_4	3	2	0	0.39999999999999997	0.5
label_corruption	nonincreasing	spatiallr_trust	GSM7780155	3	axis_1	3	3	1	0.4	0.4
label_corruption	nonincreasing	spatiallr_trust	GSM7780155	3	axis_2	3	2	0	0.06666666666666667	0.7999999999999999
label_corruption	nonincreasing	spatiallr_trust	GSM7780155	3	axis_3	3	2	0	0.13333333333333333	0.13333333333333333
label_corruption	nonincreasing	spatiallr_trust	GSM7780155	3	axis_4	3	2	0	0.39999999999999997	0.3333333333333333
label_corruption	nonincreasing	spatiallr_trust	GSM7780155	4	axis_1	3	3	1	0.4	0.4
label_corruption	nonincreasing	spatiallr_trust	GSM7780155	4	axis_2	3	1	0	0.06666666666666667	0.7999999999999999
label_corruption	nonincreasing	spatiallr_trust	GSM7780155	4	axis_3	3	2	0	0.13333333333333333	0.13333333333333333
label_corruption	nonincreasing	spatiallr_trust	GSM7780155	4	axis_4	3	2	0	0.5666666666666667	0.3333333333333333
label_corruption	nonincreasing	spatiallr_trust	GSM7780155	5	axis_1	3	3	1	0.4	0.4
label_corruption	nonincreasing	spatiallr_trust	GSM7780155	5	axis_2	3	2	0	0.06666666666666667	0.7999999999999999
label_corruption	nonincreasing	spatiallr_trust	GSM7780155	5	axis_3	3	2	0	0.13333333333333333	0.13333333333333333
label_corruption	nonincreasing	spatiallr_trust	GSM7780155	5	axis_4	3	2	0	0.39999999999999997	0.3333333333333333
expression_corruption	nonincreasing	commot	GSM7780153	1	axis_1	3	2	0	337.215159201763	288.13104523643574
expression_corruption	nonincreasing	commot	GSM7780153	1	axis_2	3	2	0	0.0	1.0000000000000018
expression_corruption	nonincreasing	commot	GSM7780153	1	axis_3	3	1	0	3.63938689742845	5.277965560866514
expression_corruption	nonincreasing	commot	GSM7780153	1	axis_4	3	2	0	4684.654368189002	3252.674025364362
expression_corruption	nonincreasing	commot	GSM7780153	2	axis_1	3	2	0	337.215159201763	188.667051739176
expression_corruption	nonincreasing	commot	GSM7780153	2	axis_2	3	1	0	0.0	1.875987442201907
expression_corruption	nonincreasing	commot	GSM7780153	2	axis_3	3	2	0	3.63938689742845	8.686723604725799
expression_corruption	nonincreasing	commot	GSM7780153	2	axis_4	3	2	0	4684.654368189002	3099.08247900806
expression_corruption	nonincreasing	commot	GSM7780153	3	axis_1	3	2	0	337.215159201763	209.63824189300652
expression_corruption	nonincreasing	commot	GSM7780153	3	axis_2	3	2	0	0.0	2.7363550837449115
expression_corruption	nonincreasing	commot	GSM7780153	3	axis_3	3	2	0	3.63938689742845	3.7996821990427545
expression_corruption	nonincreasing	commot	GSM7780153	3	axis_4	3	2	0	4684.654368189002	3089.4959180654514
expression_corruption	nonincreasing	commot	GSM7780153	4	axis_1	3	2	0	337.215159201763	212.35121583391265
expression_corruption	nonincreasing	commot	GSM7780153	4	axis_2	3	2	0	0.0	1.5532807974904357
expression_corruption	nonincreasing	commot	GSM7780153	4	axis_3	3	1	0	3.63938689742845	8.655115704273443
expression_corruption	nonincreasing	commot	GSM7780153	4	axis_4	3	2	0	4684.654368189002	3228.682307879409
expression_corruption	nonincreasing	commot	GSM7780153	5	axis_1	3	2	0	337.215159201763	220.153114942574
expression_corruption	nonincreasing	commot	GSM7780153	5	axis_2	3	2	0	0.0	0.2748252727486898
expression_corruption	nonincreasing	commot	GSM7780153	5	axis_3	3	2	0	3.63938689742845	6.109987772920908
expression_corruption	nonincreasing	commot	GSM7780153	5	axis_4	3	2	0	4684.654368189002	3181.503186970584
expression_corruption	nonincreasing	commot	GSM7780154	1	axis_1	3	2	0	347.6374131392843	253.3252675491367
expression_corruption	nonincreasing	commot	GSM7780154	1	axis_2	3	2	0	0.0	11.676677574645112
expression_corruption	nonincreasing	commot	GSM7780154	1	axis_3	3	1	0	4.335243695542582	8.724321041222007
expression_corruption	nonincreasing	commot	GSM7780154	1	axis_4	3	2	0	4538.778105988961	3043.6288596076065
expression_corruption	nonincreasing	commot	GSM7780154	2	axis_1	3	2	0	347.6374131392843	202.1507843439486
expression_corruption	nonincreasing	commot	GSM7780154	2	axis_2	3	2	0	0.0	3.000000000000008
expression_corruption	nonincreasing	commot	GSM7780154	2	axis_3	3	2	0	4.335243695542582	10.11423420153712
expression_corruption	nonincreasing	commot	GSM7780154	2	axis_4	3	2	0	4538.778105988961	3189.154849322292
expression_corruption	nonincreasing	commot	GSM7780154	3	axis_1	3	2	0	347.6374131392843	216.8576858096794
expression_corruption	nonincreasing	commot	GSM7780154	3	axis_2	3	1	0	0.0	4.639285496330719
expression_corruption	nonincreasing	commot	GSM7780154	3	axis_3	3	2	0	4.335243695542582	13.424162199181822
expression_corruption	nonincreasing	commot	GSM7780154	3	axis_4	3	2	0	4538.778105988961	3016.123019678507
expression_corruption	nonincreasing	commot	GSM7780154	4	axis_1	3	2	0	347.6374131392843	213.41040265605736
expression_corruption	nonincreasing	commot	GSM7780154	4	axis_2	3	2	0	0.0	3.742858459796497
expression_corruption	nonincreasing	commot	GSM7780154	4	axis_3	3	2	0	4.335243695542582	16.013667091882596
expression_corruption	nonincreasing	commot	GSM7780154	4	axis_4	3	2	0	4538.778105988961	3048.3577757951416
expression_corruption	nonincreasing	commot	GSM7780154	5	axis_1	3	2	0	347.6374131392843	229.31818118709225
expression_corruption	nonincreasing	commot	GSM7780154	5	axis_2	3	2	0	0.0	3.489499936393347
expression_corruption	nonincreasing	commot	GSM7780154	5	axis_3	3	2	0	4.335243695542582	10.063693927326431
expression_corruption	nonincreasing	commot	GSM7780154	5	axis_4	3	2	0	4538.778105988961	2914.360467861775
expression_corruption	nonincreasing	commot	GSM7780155	1	axis_1	3	2	0	127.68486838945437	101.89477741112948
expression_corruption	nonincreasing	commot	GSM7780155	1	axis_2	3	2	0	1.000000000000001	6.344416888190322
expression_corruption	nonincreasing	commot	GSM7780155	1	axis_3	3	2	0	5.193010317857354	9.533657314944934
expression_corruption	nonincreasing	commot	GSM7780155	1	axis_4	3	2	0	2161.711055822488	1509.0227223406318
expression_corruption	nonincreasing	commot	GSM7780155	2	axis_1	3	2	0	127.68486838945437	78.22997129563853
expression_corruption	nonincreasing	commot	GSM7780155	2	axis_2	3	2	0	1.000000000000001	8.244593198913035
expression_corruption	nonincreasing	commot	GSM7780155	2	axis_3	3	2	0	5.193010317857354	11.904961318411486
expression_corruption	nonincreasing	commot	GSM7780155	2	axis_4	3	2	0	2161.711055822488	1526.2777801389489
expression_corruption	nonincreasing	commot	GSM7780155	3	axis_1	3	2	0	127.68486838945437	80.60358923057203
expression_corruption	nonincreasing	commot	GSM7780155	3	axis_2	3	2	0	1.000000000000001	4.444732721345264
expression_corruption	nonincreasing	commot	GSM7780155	3	axis_3	3	2	0	5.193010317857354	5.993539449163452
expression_corruption	nonincreasing	commot	GSM7780155	3	axis_4	3	2	0	2161.711055822488	1401.834839497306
expression_corruption	nonincreasing	commot	GSM7780155	4	axis_1	3	2	0	127.68486838945437	69.9729408441452
expression_corruption	nonincreasing	commot	GSM7780155	4	axis_2	3	2	0	1.000000000000001	7.769012995184602
expression_corruption	nonincreasing	commot	GSM7780155	4	axis_3	3	2	0	5.193010317857354	8.269605017842352
expression_corruption	nonincreasing	commot	GSM7780155	4	axis_4	3	2	0	2161.711055822488	1386.625913839276
expression_corruption	nonincreasing	commot	GSM7780155	5	axis_1	3	2	0	127.68486838945437	77.82370925299301
expression_corruption	nonincreasing	commot	GSM7780155	5	axis_2	3	2	0	1.000000000000001	6.059008442552129
expression_corruption	nonincreasing	commot	GSM7780155	5	axis_3	3	2	0	5.193010317857354	11.930272190941082
expression_corruption	nonincreasing	commot	GSM7780155	5	axis_4	3	3	1	2161.711055822488	1503.533915761261
expression_corruption	nonincreasing	liana	GSM7780153	1	axis_1	3	3	1	4.348861049017507	3.536798718535577
expression_corruption	nonincreasing	liana	GSM7780153	1	axis_2	3	2	0	0.0411556689272922	0.2447419580467639
expression_corruption	nonincreasing	liana	GSM7780153	2	axis_1	3	3	1	4.348861049017507	3.480213866677084
expression_corruption	nonincreasing	liana	GSM7780153	2	axis_2	3	2	0	0.0411556689272922	0.2517844118398881
expression_corruption	nonincreasing	liana	GSM7780153	3	axis_1	3	3	1	4.348861049017507	3.4981175046290365
expression_corruption	nonincreasing	liana	GSM7780153	3	axis_2	3	2	0	0.0411556689272922	0.2453092957252402
expression_corruption	nonincreasing	liana	GSM7780153	4	axis_1	3	3	1	4.348861049017507	3.439870662837781
expression_corruption	nonincreasing	liana	GSM7780153	4	axis_2	3	2	0	0.0411556689272922	0.2367321129298949
expression_corruption	nonincreasing	liana	GSM7780153	5	axis_1	3	3	1	4.348861049017507	3.483361071951525
expression_corruption	nonincreasing	liana	GSM7780153	5	axis_2	3	2	0	0.0411556689272922	0.2411684038885948
expression_corruption	nonincreasing	liana	GSM7780154	1	axis_1	3	3	1	3.772290764318529	3.034924456374271
expression_corruption	nonincreasing	liana	GSM7780154	1	axis_2	3	2	0	0.0576596529500287	0.2946371090342978
expression_corruption	nonincreasing	liana	GSM7780154	2	axis_1	3	3	1	3.772290764318529	3.082260784390717
expression_corruption	nonincreasing	liana	GSM7780154	2	axis_2	3	2	0	0.0576596529500287	0.2673493212351784
expression_corruption	nonincreasing	liana	GSM7780154	3	axis_1	3	3	1	3.772290764318529	3.024136827029716
expression_corruption	nonincreasing	liana	GSM7780154	3	axis_2	3	2	0	0.0576596529500287	0.2730640823320718
expression_corruption	nonincreasing	liana	GSM7780154	4	axis_1	3	3	1	3.772290764318529	3.018289022331015
expression_corruption	nonincreasing	liana	GSM7780154	4	axis_2	3	2	0	0.0576596529500287	0.271170705762515
expression_corruption	nonincreasing	liana	GSM7780154	5	axis_1	3	3	1	3.772290764318529	3.074620259744089
expression_corruption	nonincreasing	liana	GSM7780154	5	axis_2	3	2	0	0.0576596529500287	0.2725310063205001
expression_corruption	nonincreasing	liana	GSM7780155	1	axis_1	3	2	0	3.472137227778423	2.9546052524259663
expression_corruption	nonincreasing	liana	GSM7780155	1	axis_2	3	2	0	0.0853268061818779	0.2905770654320871
expression_corruption	nonincreasing	liana	GSM7780155	2	axis_1	3	2	0	3.472137227778423	2.846447347708554
expression_corruption	nonincreasing	liana	GSM7780155	2	axis_2	3	2	0	0.0853268061818779	0.3268395645246471
expression_corruption	nonincreasing	liana	GSM7780155	3	axis_1	3	2	0	3.472137227778423	2.8190466908673493
expression_corruption	nonincreasing	liana	GSM7780155	3	axis_2	3	2	0	0.0853268061818779	0.3255647395937134
expression_corruption	nonincreasing	liana	GSM7780155	4	axis_1	3	3	1	3.472137227778423	2.8040099285666185
expression_corruption	nonincreasing	liana	GSM7780155	4	axis_2	3	2	0	0.0853268061818779	0.3282251996578236
expression_corruption	nonincreasing	liana	GSM7780155	5	axis_1	3	2	0	3.472137227778423	2.7965097591223302
expression_corruption	nonincreasing	liana	GSM7780155	5	axis_2	3	2	0	0.0853268061818779	0.3586814319667601
expression_corruption	nonincreasing	cellchat	GSM7780153	1	axis_1	3	3	1	0.439824259427267	0.332006445689213
expression_corruption	nonincreasing	cellchat	GSM7780153	1	axis_2	3	3	1	0.0	0.0
expression_corruption	nonincreasing	cellchat	GSM7780153	1	axis_3	3	2	0	0.0032588071612396	0.0057584468163311
expression_corruption	nonincreasing	cellchat	GSM7780153	1	axis_4	3	3	1	0.4436152438997	0.280965799723994
expression_corruption	nonincreasing	cellchat	GSM7780153	2	axis_1	3	3	1	0.439824259427267	0.323465766872493
expression_corruption	nonincreasing	cellchat	GSM7780153	2	axis_2	3	2	0	0.0	0.0
expression_corruption	nonincreasing	cellchat	GSM7780153	2	axis_3	3	2	0	0.0032588071612396	0.0048175785491085
expression_corruption	nonincreasing	cellchat	GSM7780153	2	axis_4	3	3	1	0.4436152438997	0.269420301608679
expression_corruption	nonincreasing	cellchat	GSM7780153	3	axis_1	3	3	1	0.439824259427267	0.326775499038921
expression_corruption	nonincreasing	cellchat	GSM7780153	3	axis_2	3	2	0	0.0	0.0
expression_corruption	nonincreasing	cellchat	GSM7780153	3	axis_3	3	2	0	0.0032588071612396	0.0041109593059243
expression_corruption	nonincreasing	cellchat	GSM7780153	3	axis_4	3	3	1	0.4436152438997	0.263797684432329
expression_corruption	nonincreasing	cellchat	GSM7780153	4	axis_1	3	3	1	0.439824259427267	0.317374265758034
expression_corruption	nonincreasing	cellchat	GSM7780153	4	axis_2	3	2	0	0.0	0.0
expression_corruption	nonincreasing	cellchat	GSM7780153	4	axis_3	3	2	0	0.0032588071612396	0.0036250348879179
expression_corruption	nonincreasing	cellchat	GSM7780153	4	axis_4	3	3	1	0.4436152438997	0.280311199780053
expression_corruption	nonincreasing	cellchat	GSM7780153	5	axis_1	3	3	1	0.439824259427267	0.323923315810853
expression_corruption	nonincreasing	cellchat	GSM7780153	5	axis_2	3	3	1	0.0	0.0
expression_corruption	nonincreasing	cellchat	GSM7780153	5	axis_3	3	2	0	0.0032588071612396	0.0053924448602999
expression_corruption	nonincreasing	cellchat	GSM7780153	5	axis_4	3	3	1	0.4436152438997	0.284738848534759
expression_corruption	nonincreasing	cellchat	GSM7780154	1	axis_1	3	3	1	0.499958934876846	0.388129625105171
expression_corruption	nonincreasing	cellchat	GSM7780154	1	axis_2	3	3	1	0.0	0.0
expression_corruption	nonincreasing	cellchat	GSM7780154	1	axis_3	3	2	0	0.0066755587881708	0.0068008598741747
expression_corruption	nonincreasing	cellchat	GSM7780154	1	axis_4	3	3	1	0.488737166601014	0.3188458193012
expression_corruption	nonincreasing	cellchat	GSM7780154	2	axis_1	3	2	0	0.499958934876846	0.397326127029862
expression_corruption	nonincreasing	cellchat	GSM7780154	2	axis_2	3	3	1	0.0	0.0
expression_corruption	nonincreasing	cellchat	GSM7780154	2	axis_3	3	2	0	0.0066755587881708	0.0072017824545983
expression_corruption	nonincreasing	cellchat	GSM7780154	2	axis_4	3	3	1	0.488737166601014	0.324263215029702
expression_corruption	nonincreasing	cellchat	GSM7780154	3	axis_1	3	3	1	0.499958934876846	0.386683966384434
expression_corruption	nonincreasing	cellchat	GSM7780154	3	axis_2	3	3	1	0.0	0.0
expression_corruption	nonincreasing	cellchat	GSM7780154	3	axis_3	3	2	0	0.0066755587881708	0.0066471594104914
expression_corruption	nonincreasing	cellchat	GSM7780154	3	axis_4	3	3	1	0.488737166601014	0.31843021712138
expression_corruption	nonincreasing	cellchat	GSM7780154	4	axis_1	3	3	1	0.499958934876846	0.385099744485371
expression_corruption	nonincreasing	cellchat	GSM7780154	4	axis_2	3	2	0	0.0	0.0
expression_corruption	nonincreasing	cellchat	GSM7780154	4	axis_3	3	2	0	0.0066755587881708	0.0113877107659624
expression_corruption	nonincreasing	cellchat	GSM7780154	4	axis_4	3	3	1	0.488737166601014	0.317015419909967
expression_corruption	nonincreasing	cellchat	GSM7780154	5	axis_1	3	3	1	0.499958934876846	0.395943735989449
expression_corruption	nonincreasing	cellchat	GSM7780154	5	axis_2	3	3	1	0.0	0.0
expression_corruption	nonincreasing	cellchat	GSM7780154	5	axis_3	3	2	0	0.0066755587881708	0.0079550112128011
expression_corruption	nonincreasing	cellchat	GSM7780154	5	axis_4	3	3	1	0.488737166601014	0.30565013267159
expression_corruption	nonincreasing	cellchat	GSM7780155	1	axis_1	3	2	0	0.254700543756719	0.183720590451122
expression_corruption	nonincreasing	cellchat	GSM7780155	1	axis_2	3	3	1	0.0	0.0
expression_corruption	nonincreasing	cellchat	GSM7780155	1	axis_3	3	2	0	0.0087541388247673	0.0111848916009899
expression_corruption	nonincreasing	cellchat	GSM7780155	1	axis_4	3	3	1	0.339847527579177	0.185767441409245
expression_corruption	nonincreasing	cellchat	GSM7780155	2	axis_1	3	2	0	0.254700543756719	0.172900814829845
expression_corruption	nonincreasing	cellchat	GSM7780155	2	axis_2	3	2	0	0.0	0.0
expression_corruption	nonincreasing	cellchat	GSM7780155	2	axis_3	3	2	0	0.0087541388247673	0.0090277071990232
expression_corruption	nonincreasing	cellchat	GSM7780155	2	axis_4	3	3	1	0.339847527579177	0.186289717093989
expression_corruption	nonincreasing	cellchat	GSM7780155	3	axis_1	3	2	0	0.254700543756719	0.169368979555925
expression_corruption	nonincreasing	cellchat	GSM7780155	3	axis_2	3	2	0	0.0	0.0
expression_corruption	nonincreasing	cellchat	GSM7780155	3	axis_3	3	2	0	0.0087541388247673	0.0138890025274062
expression_corruption	nonincreasing	cellchat	GSM7780155	3	axis_4	3	3	1	0.339847527579177	0.171427804899094
expression_corruption	nonincreasing	cellchat	GSM7780155	4	axis_1	3	3	1	0.254700543756719	0.167324756910198
expression_corruption	nonincreasing	cellchat	GSM7780155	4	axis_2	3	2	0	0.0	0.0
expression_corruption	nonincreasing	cellchat	GSM7780155	4	axis_3	3	2	0	0.0087541388247673	0.0103213707395255
expression_corruption	nonincreasing	cellchat	GSM7780155	4	axis_4	3	3	1	0.339847527579177	0.181743863421533
expression_corruption	nonincreasing	cellchat	GSM7780155	5	axis_1	3	2	0	0.254700543756719	0.165554301791148
expression_corruption	nonincreasing	cellchat	GSM7780155	5	axis_2	3	2	0	0.0	0.0
expression_corruption	nonincreasing	cellchat	GSM7780155	5	axis_3	3	2	0	0.0087541388247673	0.0085103045222771
expression_corruption	nonincreasing	cellchat	GSM7780155	5	axis_4	3	3	1	0.339847527579177	0.181021736120073
expression_corruption	nonincreasing	spatiallr_trust	GSM7780153	1	axis_1	3	3	1	0.7333333333333333	0.4
expression_corruption	nonincreasing	spatiallr_trust	GSM7780153	1	axis_2	3	2	0	0.0	0.16666666666666666
expression_corruption	nonincreasing	spatiallr_trust	GSM7780153	1	axis_3	3	2	0	0.3333333333333333	0.3333333333333333
expression_corruption	nonincreasing	spatiallr_trust	GSM7780153	1	axis_4	3	3	1	0.5666666666666667	0.5
expression_corruption	nonincreasing	spatiallr_trust	GSM7780153	2	axis_1	3	2	0	0.7333333333333333	0.5666666666666667
expression_corruption	nonincreasing	spatiallr_trust	GSM7780153	2	axis_2	3	2	0	0.0	0.7333333333333333
expression_corruption	nonincreasing	spatiallr_trust	GSM7780153	2	axis_3	3	2	0	0.3333333333333333	0.3333333333333333
expression_corruption	nonincreasing	spatiallr_trust	GSM7780153	2	axis_4	3	2	0	0.5666666666666667	0.5333333333333333
expression_corruption	nonincreasing	spatiallr_trust	GSM7780153	3	axis_1	3	2	0	0.7333333333333333	0.4
expression_corruption	nonincreasing	spatiallr_trust	GSM7780153	3	axis_2	3	2	0	0.0	0.7333333333333333
expression_corruption	nonincreasing	spatiallr_trust	GSM7780153	3	axis_3	3	3	1	0.3333333333333333	0.13333333333333333
expression_corruption	nonincreasing	spatiallr_trust	GSM7780153	3	axis_4	3	2	0	0.5666666666666667	0.5333333333333333
expression_corruption	nonincreasing	spatiallr_trust	GSM7780153	4	axis_1	3	3	1	0.5666666666666667	0.4
expression_corruption	nonincreasing	spatiallr_trust	GSM7780153	4	axis_2	3	2	0	0.0	0.6666666666666666
expression_corruption	nonincreasing	spatiallr_trust	GSM7780153	4	axis_3	3	1	0	0.3333333333333333	0.5
expression_corruption	nonincreasing	spatiallr_trust	GSM7780153	4	axis_4	3	2	0	0.5666666666666667	0.5
expression_corruption	nonincreasing	spatiallr_trust	GSM7780153	5	axis_1	3	2	0	0.7333333333333333	0.4
expression_corruption	nonincreasing	spatiallr_trust	GSM7780153	5	axis_2	3	2	0	0.0	0.13333333333333333
expression_corruption	nonincreasing	spatiallr_trust	GSM7780153	5	axis_3	3	2	0	0.3333333333333333	0.3333333333333333
expression_corruption	nonincreasing	spatiallr_trust	GSM7780153	5	axis_4	3	3	1	0.5666666666666667	0.5
expression_corruption	nonincreasing	spatiallr_trust	GSM7780154	1	axis_1	3	2	0	0.5666666666666667	0.4
expression_corruption	nonincreasing	spatiallr_trust	GSM7780154	1	axis_2	3	2	0	0.0	0.7
expression_corruption	nonincreasing	spatiallr_trust	GSM7780154	1	axis_3	3	2	0	0.3333333333333333	0.5333333333333333
expression_corruption	nonincreasing	spatiallr_trust	GSM7780154	1	axis_4	3	3	1	0.7999999999999999	0.5
expression_corruption	nonincreasing	spatiallr_trust	GSM7780154	2	axis_1	3	3	1	0.5666666666666667	0.5666666666666667
expression_corruption	nonincreasing	spatiallr_trust	GSM7780154	2	axis_2	3	2	0	0.0	0.7333333333333333
expression_corruption	nonincreasing	spatiallr_trust	GSM7780154	2	axis_3	3	2	0	0.3333333333333333	0.3333333333333333
expression_corruption	nonincreasing	spatiallr_trust	GSM7780154	2	axis_4	3	2	0	0.7999999999999999	0.5333333333333333
expression_corruption	nonincreasing	spatiallr_trust	GSM7780154	3	axis_1	3	3	1	0.5666666666666667	0.4
expression_corruption	nonincreasing	spatiallr_trust	GSM7780154	3	axis_2	3	2	0	0.0	0.5333333333333333
expression_corruption	nonincreasing	spatiallr_trust	GSM7780154	3	axis_3	3	2	0	0.3333333333333333	0.5333333333333333
expression_corruption	nonincreasing	spatiallr_trust	GSM7780154	3	axis_4	3	3	1	0.7666666666666666	0.5
expression_corruption	nonincreasing	spatiallr_trust	GSM7780154	4	axis_1	3	3	1	0.5666666666666667	0.5666666666666667
expression_corruption	nonincreasing	spatiallr_trust	GSM7780154	4	axis_2	3	2	0	0.0	0.5333333333333333
expression_corruption	nonincreasing	spatiallr_trust	GSM7780154	4	axis_3	3	2	0	0.3333333333333333	0.36666666666666664
expression_corruption	nonincreasing	spatiallr_trust	GSM7780154	4	axis_4	3	3	1	0.7666666666666666	0.5
expression_corruption	nonincreasing	spatiallr_trust	GSM7780154	5	axis_1	3	2	0	0.5666666666666667	0.5666666666666667
expression_corruption	nonincreasing	spatiallr_trust	GSM7780154	5	axis_2	3	2	0	0.0	0.7
expression_corruption	nonincreasing	spatiallr_trust	GSM7780154	5	axis_3	3	1	0	0.3333333333333333	0.36666666666666664
expression_corruption	nonincreasing	spatiallr_trust	GSM7780154	5	axis_4	3	3	1	0.7666666666666666	0.5
expression_corruption	nonincreasing	spatiallr_trust	GSM7780155	1	axis_1	3	3	1	0.4	0.4
expression_corruption	nonincreasing	spatiallr_trust	GSM7780155	1	axis_2	3	2	0	0.06666666666666667	0.6666666666666666
expression_corruption	nonincreasing	spatiallr_trust	GSM7780155	1	axis_3	3	2	0	0.13333333333333333	0.3333333333333333
expression_corruption	nonincreasing	spatiallr_trust	GSM7780155	1	axis_4	3	3	1	0.5666666666666667	0.3333333333333333
expression_corruption	nonincreasing	spatiallr_trust	GSM7780155	2	axis_1	3	3	1	0.4	0.4
expression_corruption	nonincreasing	spatiallr_trust	GSM7780155	2	axis_2	3	2	0	0.06666666666666667	0.6666666666666666
expression_corruption	nonincreasing	spatiallr_trust	GSM7780155	2	axis_3	3	2	0	0.13333333333333333	0.5
expression_corruption	nonincreasing	spatiallr_trust	GSM7780155	2	axis_4	3	2	0	0.39999999999999997	0.5
expression_corruption	nonincreasing	spatiallr_trust	GSM7780155	3	axis_1	3	3	1	0.4	0.4
expression_corruption	nonincreasing	spatiallr_trust	GSM7780155	3	axis_2	3	2	0	0.06666666666666667	0.6666666666666666
expression_corruption	nonincreasing	spatiallr_trust	GSM7780155	3	axis_3	3	2	0	0.13333333333333333	0.3333333333333333
expression_corruption	nonincreasing	spatiallr_trust	GSM7780155	3	axis_4	3	3	1	0.39999999999999997	0.3333333333333333
expression_corruption	nonincreasing	spatiallr_trust	GSM7780155	4	axis_1	3	3	1	0.4	0.4
expression_corruption	nonincreasing	spatiallr_trust	GSM7780155	4	axis_2	3	2	0	0.06666666666666667	0.6666666666666666
expression_corruption	nonincreasing	spatiallr_trust	GSM7780155	4	axis_3	3	2	0	0.13333333333333333	0.3333333333333333
expression_corruption	nonincreasing	spatiallr_trust	GSM7780155	4	axis_4	3	2	0	0.5666666666666667	0.3333333333333333
expression_corruption	nonincreasing	spatiallr_trust	GSM7780155	5	axis_1	3	3	1	0.4	0.4
expression_corruption	nonincreasing	spatiallr_trust	GSM7780155	5	axis_2	3	2	0	0.06666666666666667	0.5
expression_corruption	nonincreasing	spatiallr_trust	GSM7780155	5	axis_3	3	2	0	0.13333333333333333	0.3333333333333333
expression_corruption	nonincreasing	spatiallr_trust	GSM7780155	5	axis_4	3	2	0	0.39999999999999997	0.3333333333333333
