sample_id	scorer	replicate_left	replicate_right	common_rows	spearman
GSM7780153	commot	1	2	72	0.9730403392688537
GSM7780153	commot	1	3	72	0.9830181397143959
GSM7780153	commot	1	4	72	0.9785314550366653
GSM7780153	commot	1	5	72	0.974921806814086
GSM7780153	commot	2	3	72	0.948597342100025
GSM7780153	commot	2	4	72	0.9820215326364794
GSM7780153	commot	2	5	72	0.9891134803093896
GSM7780153	commot	3	4	72	0.9732889489257686
GSM7780153	commot	3	5	72	0.9526658146550999
GSM7780153	commot	4	5	72	0.9862910166814294
GSM7780153	liana	1	2	36	0.9989703989703991
GSM7780153	liana	1	3	36	0.9963963963963964
GSM7780153	liana	1	4	36	0.9966537966537966
GSM7780153	liana	1	5	36	0.9989703989703991
GSM7780153	liana	2	3	36	0.996911196911197
GSM7780153	liana	2	4	36	0.9966537966537966
GSM7780153	liana	2	5	36	0.9974259974259974
GSM7780153	liana	3	4	36	0.9992277992277993
GSM7780153	liana	3	5	36	0.9956241956241957
GSM7780153	liana	4	5	36	0.9956241956241957
GSM7780153	cellchat	1	2	72	0.9989279726592725
GSM7780153	cellchat	1	3	72	0.992070424635734
GSM7780153	cellchat	1	4	72	0.9911577895279854
GSM7780153	cellchat	1	5	72	0.999774310033531
GSM7780153	cellchat	2	3	72	0.9920220734112173
GSM7780153	cellchat	2	4	72	0.9918751612071188
GSM7780153	cellchat	2	5	72	0.9990891797781789
GSM7780153	cellchat	3	4	72	0.9992102887893818
GSM7780153	cellchat	3	5	72	0.9918447855879889
GSM7780153	cellchat	4	5	72	0.9909965824090791
GSM7780153	spatiallr_trust	1	2	72	0.812911717201901
GSM7780153	spatiallr_trust	1	3	72	0.8480214635675307
GSM7780153	spatiallr_trust	1	4	72	0.7329972008358397
GSM7780153	spatiallr_trust	1	5	72	0.8189917361237558
GSM7780153	spatiallr_trust	2	3	72	0.815965521493093
GSM7780153	spatiallr_trust	2	4	72	0.814346466987341
GSM7780153	spatiallr_trust	2	5	72	0.8166667194252677
GSM7780153	spatiallr_trust	3	4	72	0.8210004345172481
GSM7780153	spatiallr_trust	3	5	72	0.8466522332349586
GSM7780153	spatiallr_trust	4	5	72	0.8111577322192051
GSM7780154	commot	1	2	72	0.9836698268534564
GSM7780154	commot	1	3	72	0.965085799035761
GSM7780154	commot	1	4	72	0.9678197531406781
GSM7780154	commot	1	5	72	0.9732728676186799
GSM7780154	commot	2	3	72	0.9818518097514921
GSM7780154	commot	2	4	72	0.9887669386241807
GSM7780154	commot	2	5	72	0.9853422424492183
GSM7780154	commot	3	4	72	0.996429605326643
GSM7780154	commot	3	5	72	0.988629968503989
GSM7780154	commot	4	5	72	0.9891767593249723
GSM7780154	liana	1	2	36	0.9974259974259974
GSM7780154	liana	1	3	36	0.9976833976833978
GSM7780154	liana	1	4	36	0.9963963963963964
GSM7780154	liana	1	5	36	0.9961389961389963
GSM7780154	liana	2	3	36	0.9961389961389963
GSM7780154	liana	2	4	36	0.9966537966537966
GSM7780154	liana	2	5	36	0.9943371943371945
GSM7780154	liana	3	4	36	0.9974259974259974
GSM7780154	liana	3	5	36	0.9987129987129987
GSM7780154	liana	4	5	36	0.9974259974259974
GSM7780154	cellchat	1	2	72	0.9945380535567357
GSM7780154	cellchat	1	3	72	0.9967325400544029
GSM7780154	cellchat	1	4	72	0.9969998064391251
GSM7780154	cellchat	1	5	72	0.9979588707442758
GSM7780154	cellchat	2	3	72	0.9935755677874449
GSM7780154	cellchat	2	4	72	0.9973457053993393
GSM7780154	cellchat	2	5	72	0.9967070749463285
GSM7780154	cellchat	3	4	72	0.9959902872684272
GSM7780154	cellchat	3	5	72	0.9952220303142806
GSM7780154	cellchat	4	5	72	0.99892702655207
GSM7780154	spatiallr_trust	1	2	72	0.7963925046300379
GSM7780154	spatiallr_trust	1	3	72	0.6269388432616493
GSM7780154	spatiallr_trust	1	4	72	0.7633666638746139
GSM7780154	spatiallr_trust	1	5	72	0.7982220046851722
GSM7780154	spatiallr_trust	2	3	72	0.7451501895488161
GSM7780154	spatiallr_trust	2	4	72	0.8683425107372473
GSM7780154	spatiallr_trust	2	5	72	0.91741720586981
GSM7780154	spatiallr_trust	3	4	72	0.7555820679747447
GSM7780154	spatiallr_trust	3	5	72	0.7406882705718476
GSM7780154	spatiallr_trust	4	5	72	0.8642702237631619
GSM7780155	commot	1	2	72	0.9789026821894902
GSM7780155	commot	1	3	72	0.9871119725654127
GSM7780155	commot	1	4	72	0.9907781863163887
GSM7780155	commot	1	5	72	0.984981025278189
GSM7780155	commot	2	3	72	0.9760168520032485
GSM7780155	commot	2	4	72	0.9899098725332628
GSM7780155	commot	2	5	72	0.9930211616389015
GSM7780155	commot	3	4	72	0.9805840073322506
GSM7780155	commot	3	5	72	0.984507031216035
GSM7780155	commot	4	5	72	0.9920967368759502
GSM7780155	liana	1	2	36	0.9935649935649937
GSM7780155	liana	1	3	36	0.9922779922779924
GSM7780155	liana	1	4	36	0.9912483912483913
GSM7780155	liana	1	5	36	0.9909909909909911
GSM7780155	liana	2	3	36	0.996911196911197
GSM7780155	liana	2	4	36	0.9974259974259974
GSM7780155	liana	2	5	36	0.9979407979407982
GSM7780155	liana	3	4	36	0.996911196911197
GSM7780155	liana	3	5	36	0.9984555984555985
GSM7780155	liana	4	5	36	0.9979407979407982
GSM7780155	cellchat	1	2	72	0.9985011374964686
GSM7780155	cellchat	1	3	72	0.999161937564865
GSM7780155	cellchat	1	4	72	0.9988879472926031
GSM7780155	cellchat	1	5	72	0.9991780546397038
GSM7780155	cellchat	2	3	72	0.9990331936835318
GSM7780155	cellchat	2	4	72	0.9988076055430227
GSM7780155	cellchat	2	5	72	0.9988398324202383
GSM7780155	cellchat	3	4	72	0.9993232355784722
GSM7780155	cellchat	3	5	72	0.9992265549468254
GSM7780155	cellchat	4	5	72	0.9994199162101192
GSM7780155	spatiallr_trust	1	2	72	0.43630292203611126
GSM7780155	spatiallr_trust	1	3	72	0.7307036082905183
GSM7780155	spatiallr_trust	1	4	72	0.6635360983733932
GSM7780155	spatiallr_trust	1	5	72	0.7223108175468141
GSM7780155	spatiallr_trust	2	3	72	0.5594218524662183
GSM7780155	spatiallr_trust	2	4	72	0.5829350005310381
GSM7780155	spatiallr_trust	2	5	72	0.44428403240909475
GSM7780155	spatiallr_trust	3	4	72	0.7526686603921732
GSM7780155	spatiallr_trust	3	5	72	0.8304704644429325
GSM7780155	spatiallr_trust	4	5	72	0.7062148913077538
